[{"__type__":"cc.SpriteFrame","content":{"name":"knife_1","texture":"67eXY+tIVH8K32Hl3rmCfY","rect":[26,20,79,385],"offset":[0.5,-2.5],"originalSize":[130,420]}},{"__type__":"cc.AudioClip","_name":"knife_hit","_native":".mp3"},[{"__type__":"cc.Prefab","_name":"knife_1","data":{"__id__":1},"optimizationPolicy":2},{"__type__":"cc.Node","_name":"knife","_components":[{"__type__":"cc.Sprite","node":{"__id__":1},"_spriteFrame":{"__uuid__":"c3y+NgVjBFjqQJMYl6MlHA"},"_type":1,"_isTrimmedMode":false},{"__type__":"cc.PolygonCollider","node":{"__id__":1},"tag":2,"_offset":{"__type__":"cc.Vec2","x":0.1,"y":6.7},"points":[{"__type__":"cc.Vec2","x":-15.8,"y":-7},{"__type__":"cc.Vec2","x":20.5,"y":-6.5},{"__type__":"cc.Vec2","x":50,"y":172},{"__type__":"cc.Vec2","x":-50,"y":171.97}]},{"__type__":"cc.PolygonCollider","node":{"__id__":1},"tag":1,"points":[{"__type__":"cc.Vec2","x":-50,"y":178.8},{"__type__":"cc.Vec2","x":50,"y":179.5},{"__type__":"cc.Vec2","x":16,"y":381},{"__type__":"cc.Vec2","x":-10,"y":383}]},{"__type__":"f92d7BOY+JNx6T+bWoWEFR1","node":{"__id__":1},"knifeHitAudio":{"__uuid__":"c91/VmhlJOe5Yqj0hqhj7A"}}],"_prefab":{"__type__":"cc.PrefabInfo","root":{"__id__":1},"asset":{"__uuid__":"e4eDtQ42ZBJ77e9Br6tPxa"},"fileId":"ecx56SBahLWqaLeEzzmIX3"},"_anchorPoint":{"__type__":"cc.Vec2","x":0.5},"_contentSize":{"__type__":"cc.Size","width":79,"height":385},"_scaleX":0.8,"_scaleY":0.8}]]