[{"__type__":"cc.Prefab","_name":"board_pieces","data":{"__id__":1},"optimizationPolicy":2},{"__type__":"cc.Node","_name":"board_pieces","_children":[{"__id__":2},{"__id__":3},{"__id__":4},{"__id__":5}],"_components":[{"__type__":"290e6d+z8xIALqsdHlgVWo4","node":{"__id__":1},"firstBoardNode":{"__id__":2},"secondBoardNode":{"__id__":3},"thirdBoardNode":{"__id__":4},"fourthBoardNode":{"__id__":5}}],"_prefab":{"__type__":"cc.PrefabInfo","root":{"__id__":1},"asset":{"__uuid__":"0dQQ7+845LlZVzGmyka5GD"},"fileId":"28qhbNl81IFoWEg1+zkIgn"}},{"__type__":"cc.Node","_name":"board_piece_1","_parent":{"__id__":1},"_components":[{"__type__":"9f1625edkBGna+t92vG0V41","node":{"__id__":2},"prefab":{"__uuid__":"6dAfaoRMNJnJL5jv7wzsdK"}}],"_prefab":{"__type__":"cc.PrefabInfo","root":{"__id__":1},"asset":{"__uuid__":"0dQQ7+845LlZVzGmyka5GD"},"fileId":"9edO+eyR1HJo355YIJdh11"}},{"__type__":"cc.Node","_name":"board_piece_2","_parent":{"__id__":1},"_components":[{"__type__":"9f1625edkBGna+t92vG0V41","node":{"__id__":3},"prefab":{"__uuid__":"42vWr/dABEr4ugN0LGNkWL"}}],"_prefab":{"__type__":"cc.PrefabInfo","root":{"__id__":1},"asset":{"__uuid__":"0dQQ7+845LlZVzGmyka5GD"},"fileId":"0bOkIM0H5IGbeynw7rGdSP"}},{"__type__":"cc.Node","_name":"board_piece_3","_parent":{"__id__":1},"_components":[{"__type__":"9f1625edkBGna+t92vG0V41","node":{"__id__":4},"prefab":{"__uuid__":"76XKwnWnZCK4EsRHl4PyVG"}}],"_prefab":{"__type__":"cc.PrefabInfo","root":{"__id__":1},"asset":{"__uuid__":"0dQQ7+845LlZVzGmyka5GD"},"fileId":"fcG64CeftOw5C5/0NJxi8x"}},{"__type__":"cc.Node","_name":"board_piece_4","_parent":{"__id__":1},"_components":[{"__type__":"9f1625edkBGna+t92vG0V41","node":{"__id__":5},"prefab":{"__uuid__":"41q35IrTNFwIKMiCatMH7s"}}],"_prefab":{"__type__":"cc.PrefabInfo","root":{"__id__":1},"asset":{"__uuid__":"0dQQ7+845LlZVzGmyka5GD"},"fileId":"04L3XcwiJFbpXBNycwYZCa"}}]