[{"__type__":"cc.SpriteFrame","content":{"name":"coin_button_pressed","texture":"70iTruFBdPmab3Fk5xTIgH","rect":[0,0,322,180],"offset":[0,0],"originalSize":[322,180]}},{"__type__":"cc.SpriteFrame","content":{"name":"default_btn_disabled","texture":"71VhFCTINJM6/Ky3oX9nBT","rect":[0,0,40,40],"offset":[0,0],"originalSize":[40,40],"capInsets":[15,7,15,9]}},{"__type__":"cc.SpriteFrame","content":{"name":"play_button_pressed","texture":"8ffIB2tgtC+r/jYGUyWayH","rect":[7,8,578,182],"offset":[0.5,-0.5],"originalSize":[591,197]}},{"__type__":"cc.SpriteFrame","content":{"name":"equip_button","texture":"83cEtgCn1HOa4xbpEzFeIq","rect":[8,8,574,180],"offset":[-0.5,0.5],"originalSize":[591,197]}},{"__type__":"cc.SpriteFrame","content":{"name":"warehouse_light","texture":"26s91HIYtCIp0lkUy9EJdj","rect":[1,2,992,992],"offset":[0,-1],"originalSize":[994,994]}},{"__type__":"cc.SpriteFrame","content":{"name":"play_button","texture":"2ce0zwF9JPObs8+JgyH9pY","rect":[7,8,578,182],"offset":[0.5,-0.5],"originalSize":[591,197]}},{"__type__":"cc.SpriteFrame","content":{"name":"radom_button","texture":"ef6PSBDoVIILg5FPJZNuOe","rect":[0,0,515,180],"offset":[0,0],"originalSize":[515,180]}},{"__type__":"cc.SpriteFrame","content":{"name":"coins","texture":"0eRn0uePxFY4RP26diJSk6","rect":[9,9,72,72],"offset":[0,0],"originalSize":[90,90]}},{"__type__":"cc.SpriteFrame","content":{"name":"equip_button_pressed","texture":"131au4vJJDzYGDZK2YVA4S","rect":[8,8,574,180],"offset":[-0.5,0.5],"originalSize":[591,197]}},{"__type__":"cc.SpriteFrame","content":{"name":"ad","texture":"b8E9o7jxtHJLttXUp/aTwV","rect":[0,0,93,105],"offset":[-1.5,37.5],"originalSize":[96,180]}},{"__type__":"cc.SpriteFrame","content":{"name":"video","texture":"30TL0ZoNZLhoVZrIxhbGGE","rect":[8,8,74,74],"offset":[0,0],"originalSize":[90,90]}},{"__type__":"cc.SpriteFrame","content":{"name":"video","texture":"46e4M9eLtBMLsgWwbf/Lwb","rect":[8,8,74,74],"offset":[0,0],"originalSize":[90,90]}},{"__type__":"cc.SpriteFrame","content":{"name":"default_sprite_splash","texture":"02delMVqdBD70a/HSD99FK","rect":[0,0,2,2],"offset":[0,0],"originalSize":[2,2]}},{"__type__":"cc.SpriteFrame","content":{"name":"radom_button_pressed","texture":"51GCLIbOtJVaN3hhfWz3ew","rect":[0,0,515,180],"offset":[0,0],"originalSize":[515,180]}},{"__type__":"cc.SpriteFrame","content":{"name":"left_back_triangle","texture":"61Iovz2mNF+pxWp7i8//PN","rect":[0,0,28,42],"offset":[0,0],"originalSize":[28,42]}},{"__type__":"cc.SpriteFrame","content":{"name":"coin_button","texture":"9fR6G2ihJIr5d14vS9xfkl","rect":[0,0,322,180],"offset":[0,0],"originalSize":[322,180]}},{"__type__":"cc.AudioClip","_name":"slide_knife","_native":".mp3"},{"__type__":"cc.SpriteFrame","content":{"name":"default_btn_pressed","texture":"b4P/PCArtIdIH38t6mlw8Y","rect":[0,0,40,40],"offset":[0,0],"originalSize":[40,40],"capInsets":[11,11,11,7]}},[{"__type__":"cc.Prefab","_name":"page_warehouse","data":{"__id__":1}},{"__type__":"cc.Node","_name":"stage_knife_warehouse","_children":[{"__id__":2},{"__id__":3}],"_components":[{"__type__":"cc.Widget","node":{"__id__":1},"_alignFlags":45},{"__type__":"103b75u2C5AJ4k3ZAQZlVJ8","node":{"__id__":1},"pageView":{"__id__":38},"defeatBossLayout":{"__id__":39},"lotteyPrefab":{"__uuid__":"6d00simwlBoLrhx+GvGIh5"},"rewardPrefab":{"__uuid__":"2dH3GwKNFE9o+3oT8NbaAo"},"previewSprite":{"__id__":6},"background":{"__id__":52},"knifeCntLabel":{"__id__":44},"currencyLabel":{"__id__":51},"lotteryButton":{"__id__":26},"equipButton":{"__id__":15},"backButton":{"__id__":47},"watchAdForCurrencyButton":{"__id__":33},"watchAdForCurrencyNoLotteryButton":{"__id__":21},"getKnifeAudio":{"__uuid__":"65K2zesmRKVpw7dzalBcsV"}}],"_prefab":{"__type__":"cc.PrefabInfo","root":{"__id__":1},"asset":{"__uuid__":"eeDYaXjZhGtb53ov9v/Byz"},"fileId":"04NI2D+rhOypc6uQrz0RCI"},"_contentSize":{"__type__":"cc.Size","width":1080,"height":1920},"_position":{"__type__":"cc.Vec2","x":540,"y":960}},{"__type__":"cc.Node","_name":"background","_parent":{"__id__":1},"_components":[{"__type__":"cc.Sprite","node":{"__id__":2},"_spriteFrame":{"__uuid__":"a2MjXRFdtLlYQ5ouAFv/+R"},"_sizeMode":0},{"__type__":"cc.Widget","node":{"__id__":2},"_alignFlags":45,"_originalWidth":100,"_originalHeight":100}],"_prefab":{"__type__":"cc.PrefabInfo","root":{"__id__":1},"asset":{"__uuid__":"eeDYaXjZhGtb53ov9v/Byz"},"fileId":"actjEZj2FAhI4t7lmoX8wS"},"_color":{"__type__":"cc.Color","r":8,"g":14,"b":19},"_contentSize":{"__type__":"cc.Size","width":1080,"height":1920}},{"__type__":"cc.Node","_name":"root","_parent":{"__id__":1},"_children":[{"__id__":4},{"__id__":5},{"__id__":7},{"__id__":16},{"__id__":22},{"__id__":27},{"__id__":34},{"__id__":43},{"__id__":40},{"__id__":45},{"__id__":48}],"_components":[{"__type__":"cc.Widget","node":{"__id__":3},"_alignFlags":45,"_top":-4.547473508864641e-13,"_bottom":4.547473508864641e-13},{"__id__":52},{"__type__":"cc.BlockInputEvents","node":{"__id__":3}}],"_prefab":{"__type__":"cc.PrefabInfo","root":{"__id__":1},"asset":{"__uuid__":"eeDYaXjZhGtb53ov9v/Byz"},"fileId":"73StmZCQxFzqo8kvYq7gQ0"},"_contentSize":{"__type__":"cc.Size","width":1080,"height":1920},"_position":{"__type__":"cc.Vec2","y":4.547473508864641e-13}},{"__type__":"cc.Node","_name":"warehouse_light","_parent":{"__id__":3},"_components":[{"__type__":"cc.Sprite","node":{"__id__":4},"_spriteFrame":{"__uuid__":"41lYh447JHuZ1DFCEpGKfW"},"_sizeMode":0}],"_prefab":{"__type__":"cc.PrefabInfo","root":{"__id__":1},"asset":{"__uuid__":"eeDYaXjZhGtb53ov9v/Byz"},"fileId":"329xBEmdRJkboPOZk3sduN"},"_contentSize":{"__type__":"cc.Size","width":710,"height":710},"_position":{"__type__":"cc.Vec2","y":503}},{"__type__":"cc.Node","_name":"preview","_parent":{"__id__":3},"_components":[{"__id__":6}],"_prefab":{"__type__":"cc.PrefabInfo","root":{"__id__":1},"asset":{"__uuid__":"eeDYaXjZhGtb53ov9v/Byz"},"fileId":"c2oGDYOf1NWKvK+rUUT6Ns"},"_contentSize":{"__type__":"cc.Size","width":130,"height":420},"_rotationX":45,"_rotationY":45,"_position":{"__type__":"cc.Vec2","y":503}},{"__type__":"cc.Sprite","node":{"__id__":5},"_type":1,"_sizeMode":0},{"__type__":"cc.Node","_name":"equip","_parent":{"__id__":3},"_children":[{"__id__":8},{"__id__":9},{"__id__":10},{"__id__":11},{"__id__":12},{"__id__":13},{"__id__":14}],"_components":[{"__type__":"cc.Sprite","node":{"__id__":7},"_spriteFrame":{"__uuid__":"40TmHVWd1KVbKSZiJ0BRIx"},"_type":1,"_sizeMode":0,"_isTrimmedMode":false},{"__id__":15},{"__type__":"cc.Widget","node":{"__id__":7},"_alignFlags":4,"_left":253,"_right":253,"_bottom":510,"_originalWidth":574},{"__type__":"cc.AudioSource","node":{"__id__":7},"_clip":{"__uuid__":"87x2eSC09L07/7K+SRfWp/"},"preload":true}],"_prefab":{"__type__":"cc.PrefabInfo","root":{"__id__":1},"asset":{"__uuid__":"eeDYaXjZhGtb53ov9v/Byz"},"fileId":"55u7oeN71KQZeWng6brv0W"},"_contentSize":{"__type__":"cc.Size","width":574,"height":180},"_position":{"__type__":"cc.Vec2","y":-360}},{"__type__":"cc.Node","_name":"unlock_label","_parent":{"__id__":7},"_components":[{"__type__":"cc.Label","node":{"__id__":8},"_useOriginalSize":false,"_actualFontSize":62,"_fontSize":62,"_lineHeight":62,"_enableWrapText":false,"_N$file":{"__uuid__":"18hOwRDuJKNow8tiI0Utmq"},"_isSystemFontUsed":false,"_N$string":"WATCH\nVIDEOS","_N$horizontalAlign":1,"_N$verticalAlign":1,"_N$overflow":1},{"__type__":"cc.Widget","node":{"__id__":8},"_alignFlags":10,"_left":27}],"_prefab":{"__type__":"cc.PrefabInfo","root":{"__id__":1},"asset":{"__uuid__":"eeDYaXjZhGtb53ov9v/Byz"},"fileId":"584lPC1eFA6LsRGgAresAb"},"_opacity":0,"_contentSize":{"__type__":"cc.Size","width":300,"height":120},"_position":{"__type__":"cc.Vec2","x":-110}},{"__type__":"cc.Node","_name":"equip_video_icon","_parent":{"__id__":7},"_components":[{"__type__":"cc.Sprite","node":{"__id__":9},"_spriteFrame":{"__uuid__":"96aGPmsFFJoKGO8DSdyIvp"},"_sizeMode":0},{"__type__":"cc.Widget","node":{"__id__":9},"_alignFlags":34,"_right":134}],"_prefab":{"__type__":"cc.PrefabInfo","root":{"__id__":1},"asset":{"__uuid__":"eeDYaXjZhGtb53ov9v/Byz"},"fileId":"28L4B1jhlCIq/kQobb9WMg"},"_opacity":0,"_contentSize":{"__type__":"cc.Size","width":90,"height":90},"_position":{"__type__":"cc.Vec2","x":108}},{"__type__":"cc.Node","_name":"more_label","_parent":{"__id__":7},"_components":[{"__type__":"cc.Label","node":{"__id__":10},"_useOriginalSize":false,"_actualFontSize":54,"_fontSize":54,"_lineHeight":54,"_N$file":{"__uuid__":"18hOwRDuJKNow8tiI0Utmq"},"_isSystemFontUsed":false,"_N$string":"2/4","_N$horizontalAlign":1,"_N$verticalAlign":1},{"__type__":"cc.Widget","node":{"__id__":10},"_alignFlags":2,"_left":450,"_right":42,"_originalWidth":82}],"_prefab":{"__type__":"cc.PrefabInfo","root":{"__id__":1},"asset":{"__uuid__":"eeDYaXjZhGtb53ov9v/Byz"},"fileId":"71m2tqCZVKW7Vr9sHCgh0a"},"_opacity":0,"_color":{"__type__":"cc.Color","r":30,"g":93,"b":17},"_contentSize":{"__type__":"cc.Size","width":82,"height":54},"_position":{"__type__":"cc.Vec2","x":204}},{"__type__":"cc.Node","_name":"equip_label","_parent":{"__id__":7},"_components":[{"__type__":"cc.Label","node":{"__id__":11},"_useOriginalSize":false,"_actualFontSize":62,"_fontSize":62,"_lineHeight":62,"_N$file":{"__uuid__":"18hOwRDuJKNow8tiI0Utmq"},"_isSystemFontUsed":false,"_N$string":"CURRENT","_N$horizontalAlign":1,"_N$verticalAlign":1}],"_prefab":{"__type__":"cc.PrefabInfo","root":{"__id__":1},"asset":{"__uuid__":"eeDYaXjZhGtb53ov9v/Byz"},"fileId":"1bVtnPjh1Lab5/jrYGbq6H"},"_contentSize":{"__type__":"cc.Size","width":281,"height":62}},{"__type__":"cc.Node","_name":"coins","_parent":{"__id__":7},"_components":[{"__type__":"cc.Sprite","node":{"__id__":12},"_spriteFrame":{"__uuid__":"4bsRixOIdMc727aj6FnG8h"},"_sizeMode":0},{"__type__":"cc.Widget","node":{"__id__":12},"_alignFlags":34,"_right":150,"_top":-19,"_bottom":-58}],"_prefab":{"__type__":"cc.PrefabInfo","root":{"__id__":1},"asset":{"__uuid__":"eeDYaXjZhGtb53ov9v/Byz"},"fileId":"796QKzintK8pCBxztVGYQo"},"_opacity":0,"_contentSize":{"__type__":"cc.Size","width":58,"height":58},"_position":{"__type__":"cc.Vec2","x":108}},{"__type__":"cc.Node","_name":"line","_parent":{"__id__":7},"_components":[{"__type__":"cc.Sprite","node":{"__id__":13},"_spriteFrame":{"__uuid__":"a2MjXRFdtLlYQ5ouAFv/+R"},"_sizeMode":0}],"_prefab":{"__type__":"cc.PrefabInfo","root":{"__id__":1},"asset":{"__uuid__":"eeDYaXjZhGtb53ov9v/Byz"},"fileId":"09WPyaaFBPxJpvZ/0R+Tft"},"_opacity":0,"_color":{"__type__":"cc.Color","r":40,"g":121,"b":23},"_contentSize":{"__type__":"cc.Size","width":4,"height":126},"_position":{"__type__":"cc.Vec2","x":50}},{"__type__":"cc.Node","_name":"ad_image","_parent":{"__id__":7},"_components":[{"__type__":"cc.Sprite","node":{"__id__":14},"_spriteFrame":{"__uuid__":"6baHE+A2xFwbwMuHqQU/B3"}},{"__type__":"cc.Widget","node":{"__id__":14},"_alignFlags":9}],"_prefab":{"__type__":"cc.PrefabInfo","root":{"__id__":1},"asset":{"__uuid__":"eeDYaXjZhGtb53ov9v/Byz"},"fileId":"b1YD7pfpVN8JvMGMBq4A05"},"_contentSize":{"__type__":"cc.Size","width":93,"height":105},"_scaleX":0.9,"_scaleY":0.9,"_position":{"__type__":"cc.Vec2","x":-245.15,"y":42.75}},{"__type__":"cc.Button","node":{"__id__":7},"transition":2,"pressedColor":{"__type__":"cc.Color","r":255,"g":255,"b":255},"_N$normalColor":{"__type__":"cc.Color","r":255,"g":255,"b":255},"_N$disabledColor":{"__type__":"cc.Color","r":255,"g":255,"b":255},"_N$normalSprite":{"__uuid__":"40TmHVWd1KVbKSZiJ0BRIx"},"_N$pressedSprite":{"__uuid__":"55ZTPln5JPkrkYMW/DgfOF"},"pressedSprite":{"__uuid__":"55ZTPln5JPkrkYMW/DgfOF"},"_N$hoverSprite":{"__uuid__":"55ZTPln5JPkrkYMW/DgfOF"},"hoverSprite":{"__uuid__":"55ZTPln5JPkrkYMW/DgfOF"},"_N$disabledSprite":{"__uuid__":"40TmHVWd1KVbKSZiJ0BRIx"},"_N$target":{"__id__":7}},{"__type__":"cc.Node","_name":"coin_for_no_lottery","_parent":{"__id__":3},"_children":[{"__id__":17},{"__id__":18},{"__id__":19}],"_components":[{"__type__":"cc.Sprite","node":{"__id__":16},"_spriteFrame":{"__uuid__":"471SgZa4pM8JuV5UyTEgXu"},"_type":1,"_sizeMode":0},{"__id__":21},{"__type__":"cc.Widget","node":{"__id__":16},"_alignFlags":20,"_bottom":200,"_verticalCenter":-200},{"__type__":"cc.AudioSource","node":{"__id__":16},"_clip":{"__uuid__":"87x2eSC09L07/7K+SRfWp/"},"preload":true}],"_prefab":{"__type__":"cc.PrefabInfo","root":{"__id__":1},"asset":{"__uuid__":"eeDYaXjZhGtb53ov9v/Byz"},"fileId":"f1I2bK5k1DfrhmhnJupUJN"},"_opacity":0,"_contentSize":{"__type__":"cc.Size","width":578,"height":182},"_position":{"__type__":"cc.Vec2","y":-669}},{"__type__":"cc.Node","_name":"ad_label","_parent":{"__id__":16},"_components":[{"__type__":"cc.Label","node":{"__id__":17},"_useOriginalSize":false,"_actualFontSize":54,"_fontSize":54,"_lineHeight":80,"_N$file":{"__uuid__":"18hOwRDuJKNow8tiI0Utmq"},"_isSystemFontUsed":false,"_N$string":"FREE COINS","_N$horizontalAlign":1,"_N$verticalAlign":1},{"__type__":"cc.Widget","node":{"__id__":17},"_alignFlags":8,"_left":211}],"_prefab":{"__type__":"cc.PrefabInfo","root":{"__id__":1},"asset":{"__uuid__":"eeDYaXjZhGtb53ov9v/Byz"},"fileId":"c3OdT+aF9Fy5T7wsdh+nVR"},"_contentSize":{"__type__":"cc.Size","width":301,"height":80},"_position":{"__type__":"cc.Vec2","x":72.5}},{"__type__":"cc.Node","_name":"ad_icon","_parent":{"__id__":16},"_components":[{"__type__":"cc.Sprite","node":{"__id__":18},"_spriteFrame":{"__uuid__":"6dvmJIUQ9Hx7Rmdm3fir7h"},"_sizeMode":0},{"__type__":"cc.Widget","node":{"__id__":18},"_alignFlags":10,"_left":48}],"_prefab":{"__type__":"cc.PrefabInfo","root":{"__id__":1},"asset":{"__uuid__":"eeDYaXjZhGtb53ov9v/Byz"},"fileId":"b9F1B1xItBF4SM5olL2IAK"},"_contentSize":{"__type__":"cc.Size","width":90,"height":90},"_position":{"__type__":"cc.Vec2","x":-196}},{"__type__":"cc.Node","_name":"currency","_parent":{"__id__":16},"_children":[{"__id__":20}],"_components":[{"__type__":"cc.Sprite","node":{"__id__":19},"_spriteFrame":{"__uuid__":"4bsRixOIdMc727aj6FnG8h"},"_sizeMode":0},{"__type__":"cc.Widget","node":{"__id__":19},"_alignFlags":33,"_right":-28,"_top":-28}],"_prefab":{"__type__":"cc.PrefabInfo","root":{"__id__":1},"asset":{"__uuid__":"eeDYaXjZhGtb53ov9v/Byz"},"fileId":"e4yxjCzd5M7YKpOGWNEnA1"},"_contentSize":{"__type__":"cc.Size","width":96,"height":96},"_position":{"__type__":"cc.Vec2","x":269,"y":71}},{"__type__":"cc.Node","_name":"currency_label","_parent":{"__id__":19},"_components":[{"__type__":"cc.Label","node":{"__id__":20},"_useOriginalSize":false,"_actualFontSize":56,"_fontSize":56,"_lineHeight":56,"_N$file":{"__uuid__":"7aFpAb4yhGIbisve23IzFd"},"_isSystemFontUsed":false,"_N$string":"+ 50","_N$horizontalAlign":2,"_N$verticalAlign":1,"_N$overflow":3},{"__type__":"cc.Widget","node":{"__id__":20},"_alignFlags":33,"_left":-234,"_right":-90,"_top":-35,"_verticalCenter":-15,"_originalWidth":240}],"_prefab":{"__type__":"cc.PrefabInfo","root":{"__id__":1},"asset":{"__uuid__":"eeDYaXjZhGtb53ov9v/Byz"},"fileId":"5eXWnGShRCvI6UhRXNvZgf"},"_color":{"__type__":"cc.Color","r":255,"g":238,"b":100},"_anchorPoint":{"__type__":"cc.Vec2","x":1,"y":0.5},"_contentSize":{"__type__":"cc.Size","width":140,"height":56},"_position":{"__type__":"cc.Vec2","x":138,"y":55}},{"__type__":"cc.Button","node":{"__id__":16},"transition":2,"pressedColor":{"__type__":"cc.Color","r":255,"g":255,"b":255},"_N$normalColor":{"__type__":"cc.Color","r":255,"g":255,"b":255},"_N$disabledColor":{"__type__":"cc.Color","r":255,"g":255,"b":255},"_N$normalSprite":{"__uuid__":"471SgZa4pM8JuV5UyTEgXu"},"_N$pressedSprite":{"__uuid__":"3fMgX8ughE9avj3BRlpu10"},"pressedSprite":{"__uuid__":"3fMgX8ughE9avj3BRlpu10"},"_N$hoverSprite":{"__uuid__":"471SgZa4pM8JuV5UyTEgXu"},"hoverSprite":{"__uuid__":"471SgZa4pM8JuV5UyTEgXu"},"_N$disabledSprite":{"__uuid__":"471SgZa4pM8JuV5UyTEgXu"},"_N$target":{"__id__":16}},{"__type__":"cc.Node","_name":"lottery","_parent":{"__id__":3},"_children":[{"__id__":23},{"__id__":24},{"__id__":25}],"_components":[{"__type__":"cc.Sprite","node":{"__id__":22},"_spriteFrame":{"__uuid__":"4bYu05Lb5MG7fE6XuF1KT0"},"_type":1,"_sizeMode":0},{"__id__":26},{"__type__":"cc.Widget","node":{"__id__":22},"_alignFlags":4,"_left":488,"_right":77,"_bottom":200,"_originalWidth":515},{"__type__":"cc.AudioSource","node":{"__id__":22},"_clip":{"__uuid__":"87x2eSC09L07/7K+SRfWp/"},"preload":true}],"_prefab":{"__type__":"cc.PrefabInfo","root":{"__id__":1},"asset":{"__uuid__":"eeDYaXjZhGtb53ov9v/Byz"},"fileId":"16DFNcIuNN8pnky2zf1BKp"},"_contentSize":{"__type__":"cc.Size","width":515,"height":180},"_position":{"__type__":"cc.Vec2","x":205.5,"y":-670}},{"__type__":"cc.Node","_name":"lottery_label","_parent":{"__id__":22},"_components":[{"__type__":"cc.Label","node":{"__id__":23},"_useOriginalSize":false,"_actualFontSize":48,"_fontSize":48,"_lineHeight":0,"_enableWrapText":false,"_N$file":{"__uuid__":"18hOwRDuJKNow8tiI0Utmq"},"_isSystemFontUsed":false,"_N$string":"RADOM\nUNLOCK","_N$horizontalAlign":1,"_N$verticalAlign":1,"_N$overflow":1},{"__type__":"cc.Widget","node":{"__id__":23},"_left":35,"_right":255,"_originalWidth":225}],"_prefab":{"__type__":"cc.PrefabInfo","root":{"__id__":1},"asset":{"__uuid__":"eeDYaXjZhGtb53ov9v/Byz"},"fileId":"140wPCA4hD0qBpCCJNwRKb"},"_contentSize":{"__type__":"cc.Size","width":225,"height":180},"_position":{"__type__":"cc.Vec2","x":-110}},{"__type__":"cc.Node","_name":"coins","_parent":{"__id__":22},"_components":[{"__type__":"cc.Sprite","node":{"__id__":24},"_spriteFrame":{"__uuid__":"4bsRixOIdMc727aj6FnG8h"},"_sizeMode":0},{"__type__":"cc.Widget","node":{"__id__":24},"_alignFlags":34,"_right":150,"_top":-19,"_bottom":-58}],"_prefab":{"__type__":"cc.PrefabInfo","root":{"__id__":1},"asset":{"__uuid__":"eeDYaXjZhGtb53ov9v/Byz"},"fileId":"36PSbixPtDJYzeN4yOsZcF"},"_contentSize":{"__type__":"cc.Size","width":58,"height":58},"_position":{"__type__":"cc.Vec2","x":78.5}},{"__type__":"cc.Node","_name":"more_label","_parent":{"__id__":22},"_components":[{"__type__":"cc.Label","node":{"__id__":25},"_useOriginalSize":false,"_actualFontSize":54,"_fontSize":54,"_lineHeight":54,"_N$file":{"__uuid__":"18hOwRDuJKNow8tiI0Utmq"},"_isSystemFontUsed":false,"_N$string":"500","_N$horizontalAlign":1,"_N$verticalAlign":1},{"__type__":"cc.Widget","node":{"__id__":25},"_alignFlags":34,"_right":22.5}],"_prefab":{"__type__":"cc.PrefabInfo","root":{"__id__":1},"asset":{"__uuid__":"eeDYaXjZhGtb53ov9v/Byz"},"fileId":"dceOLbUIRMubUiqyn6Uyj7"},"_color":{"__type__":"cc.Color","r":255,"g":238,"b":100},"_contentSize":{"__type__":"cc.Size","width":95,"height":54},"_position":{"__type__":"cc.Vec2","x":187.5}},{"__type__":"cc.Button","node":{"__id__":22},"transition":2,"pressedColor":{"__type__":"cc.Color","r":255,"g":255,"b":255},"_N$normalColor":{"__type__":"cc.Color","r":255,"g":255,"b":255},"_N$disabledColor":{"__type__":"cc.Color","r":255,"g":255,"b":255},"_N$normalSprite":{"__uuid__":"4bYu05Lb5MG7fE6XuF1KT0"},"_N$pressedSprite":{"__uuid__":"a7UFS/M+VPC7Edl+jlVWjU"},"pressedSprite":{"__uuid__":"a7UFS/M+VPC7Edl+jlVWjU"},"_N$hoverSprite":{"__uuid__":"a7UFS/M+VPC7Edl+jlVWjU"},"hoverSprite":{"__uuid__":"a7UFS/M+VPC7Edl+jlVWjU"},"_N$disabledSprite":{"__uuid__":"4bYu05Lb5MG7fE6XuF1KT0"},"_N$target":{"__id__":22}},{"__type__":"cc.Node","_name":"coin","_parent":{"__id__":3},"_children":[{"__id__":28},{"__id__":29},{"__id__":30},{"__id__":31},{"__id__":32}],"_components":[{"__type__":"cc.Sprite","node":{"__id__":27},"_spriteFrame":{"__uuid__":"c3kyFvtA9Lhr4LqX9eqXL2"},"_type":1,"_sizeMode":0},{"__id__":33},{"__type__":"cc.Widget","node":{"__id__":27},"_alignFlags":4,"_left":77,"_right":681,"_bottom":200,"_originalWidth":322},{"__type__":"cc.AudioSource","node":{"__id__":27},"_clip":{"__uuid__":"87x2eSC09L07/7K+SRfWp/"},"preload":true}],"_prefab":{"__type__":"cc.PrefabInfo","root":{"__id__":1},"asset":{"__uuid__":"eeDYaXjZhGtb53ov9v/Byz"},"fileId":"c5FndiA5hLn6iNptjS3Xel"},"_contentSize":{"__type__":"cc.Size","width":322,"height":180},"_position":{"__type__":"cc.Vec2","x":-302,"y":-670}},{"__type__":"cc.Node","_name":"coin_label","_parent":{"__id__":27},"_components":[{"__type__":"cc.Label","node":{"__id__":28},"_useOriginalSize":false,"_actualFontSize":48,"_fontSize":48,"_lineHeight":48,"_enableWrapText":false,"_N$file":{"__uuid__":"18hOwRDuJKNow8tiI0Utmq"},"_isSystemFontUsed":false,"_N$string":"COIN","_N$horizontalAlign":1,"_N$verticalAlign":1,"_N$overflow":1},{"__type__":"cc.Widget","node":{"__id__":28},"_alignFlags":42,"_left":144,"_right":52,"_originalWidth":120}],"_prefab":{"__type__":"cc.PrefabInfo","root":{"__id__":1},"asset":{"__uuid__":"eeDYaXjZhGtb53ov9v/Byz"},"fileId":"c7MnBon75FTJhbFF1gfge0"},"_contentSize":{"__type__":"cc.Size","width":126,"height":48},"_position":{"__type__":"cc.Vec2","x":46}},{"__type__":"cc.Node","_name":"video","_parent":{"__id__":27},"_components":[{"__type__":"cc.Sprite","node":{"__id__":29},"_spriteFrame":{"__uuid__":"6dvmJIUQ9Hx7Rmdm3fir7h"},"_sizeMode":0},{"__type__":"cc.Widget","node":{"__id__":29},"_alignFlags":10,"_left":43}],"_prefab":{"__type__":"cc.PrefabInfo","root":{"__id__":1},"asset":{"__uuid__":"eeDYaXjZhGtb53ov9v/Byz"},"fileId":"807UzDGahGVKOxS8rJwnMU"},"_contentSize":{"__type__":"cc.Size","width":90,"height":90},"_position":{"__type__":"cc.Vec2","x":-73}},{"__type__":"cc.Node","_name":"coins","_parent":{"__id__":27},"_components":[{"__type__":"cc.Sprite","node":{"__id__":30},"_spriteFrame":{"__uuid__":"4bsRixOIdMc727aj6FnG8h"},"_sizeMode":0},{"__type__":"cc.Widget","node":{"__id__":30},"_alignFlags":33,"_right":-19,"_top":-19,"_bottom":-58}],"_prefab":{"__type__":"cc.PrefabInfo","root":{"__id__":1},"asset":{"__uuid__":"eeDYaXjZhGtb53ov9v/Byz"},"fileId":"cbmrkFq9dOWa+Yp7tvrFyu"},"_contentSize":{"__type__":"cc.Size","width":58,"height":58},"_position":{"__type__":"cc.Vec2","x":151,"y":80}},{"__type__":"cc.Node","_name":"more_label","_parent":{"__id__":27},"_components":[{"__type__":"cc.Label","node":{"__id__":31},"_useOriginalSize":false,"_actualFontSize":42,"_fontSize":42,"_lineHeight":42,"_N$file":{"__uuid__":"7aFpAb4yhGIbisve23IzFd"},"_isSystemFontUsed":false,"_N$string":"+ 50","_N$horizontalAlign":1,"_N$verticalAlign":1},{"__type__":"cc.Widget","node":{"__id__":31},"_alignFlags":33,"_right":-111,"_top":-61,"_bottom":70}],"_prefab":{"__type__":"cc.PrefabInfo","root":{"__id__":1},"asset":{"__uuid__":"eeDYaXjZhGtb53ov9v/Byz"},"fileId":"5dv7iKfNBPGr4AEHxB/aNb"},"_color":{"__type__":"cc.Color","r":255,"g":238,"b":100},"_contentSize":{"__type__":"cc.Size","width":79,"height":42},"_position":{"__type__":"cc.Vec2","x":232.5,"y":130}},{"__type__":"cc.Node","_name":"ad_image","_parent":{"__id__":27},"_components":[{"__type__":"cc.Sprite","node":{"__id__":32},"_spriteFrame":{"__uuid__":"6baHE+A2xFwbwMuHqQU/B3"}},{"__type__":"cc.Widget","node":{"__id__":32},"_alignFlags":9}],"_prefab":{"__type__":"cc.PrefabInfo","root":{"__id__":1},"asset":{"__uuid__":"eeDYaXjZhGtb53ov9v/Byz"},"fileId":"9diGvPvRhObbF8d+hSn2qD"},"_contentSize":{"__type__":"cc.Size","width":93,"height":105},"_scaleX":0.9,"_scaleY":0.9,"_position":{"__type__":"cc.Vec2","x":-119.15,"y":42.75}},{"__type__":"cc.Button","node":{"__id__":27},"transition":2,"pressedColor":{"__type__":"cc.Color","r":255,"g":255,"b":255},"_N$normalColor":{"__type__":"cc.Color","r":255,"g":255,"b":255},"_N$disabledColor":{"__type__":"cc.Color","r":255,"g":255,"b":255},"_N$normalSprite":{"__uuid__":"c3kyFvtA9Lhr4LqX9eqXL2"},"_N$pressedSprite":{"__uuid__":"09wEHoKYNBWrqtI5bBehzC"},"pressedSprite":{"__uuid__":"09wEHoKYNBWrqtI5bBehzC"},"_N$hoverSprite":{"__uuid__":"c3kyFvtA9Lhr4LqX9eqXL2"},"hoverSprite":{"__uuid__":"c3kyFvtA9Lhr4LqX9eqXL2"},"_N$disabledSprite":{"__uuid__":"c3kyFvtA9Lhr4LqX9eqXL2"},"_N$target":{"__id__":27}},{"__type__":"cc.Node","_name":"pageview","_parent":{"__id__":3},"_children":[{"__id__":35}],"_components":[{"__id__":38},{"__type__":"f3c19j+oGtBV4HOC1+NNCeN","node":{"__id__":34},"pageView":{"__id__":38},"defeatBossLayout":{"__id__":39},"preview":{"__id__":6},"equipButton":{"__id__":15},"chooseKnifeAudio":{"__uuid__":"dcIOLaTXJIn7pe0RpkIGyH"}}],"_prefab":{"__type__":"cc.PrefabInfo","root":{"__id__":1},"asset":{"__uuid__":"eeDYaXjZhGtb53ov9v/Byz"},"fileId":"dfiiQq/HxCtK/tz+nZD3wk"},"_contentSize":{"__type__":"cc.Size","width":950,"height":450},"_position":{"__type__":"cc.Vec2","y":100}},{"__type__":"cc.Node","_name":"view","_parent":{"__id__":34},"_children":[{"__id__":36}],"_components":[{"__type__":"cc.Mask","node":{"__id__":35}}],"_prefab":{"__type__":"cc.PrefabInfo","root":{"__id__":1},"asset":{"__uuid__":"eeDYaXjZhGtb53ov9v/Byz"},"fileId":"94mnoISK9HSrEG/qGCAyD9"},"_contentSize":{"__type__":"cc.Size","width":880,"height":450},"_position":{"__type__":"cc.Vec2","y":10}},{"__type__":"cc.Node","_name":"content","_parent":{"__id__":35},"_children":[{"__id__":37}],"_components":[{"__type__":"cc.Layout","node":{"__id__":36},"_layoutSize":{"__type__":"cc.Size","width":905,"height":200},"_resize":1,"_N$layoutType":1,"_N$paddingLeft":360,"_N$paddingRight":480,"_N$spacingX":55,"_N$spacingY":15}],"_prefab":{"__type__":"cc.PrefabInfo","root":{"__id__":1},"asset":{"__uuid__":"eeDYaXjZhGtb53ov9v/Byz"},"fileId":"45xy2hma9Gn7LrEW1R8apk"},"_anchorPoint":{"__type__":"cc.Vec2","y":0.5},"_contentSize":{"__type__":"cc.Size","width":905,"height":200}},{"__type__":"cc.Node","_name":"page_1","_parent":{"__id__":36},"_components":[{"__type__":"cc.Sprite","node":{"__id__":37},"_sizeMode":0,"_isTrimmedMode":false}],"_prefab":{"__type__":"cc.PrefabInfo","root":{"__id__":1},"asset":{"__uuid__":"eeDYaXjZhGtb53ov9v/Byz"},"fileId":"ddx9nq+xhLd4GJCdKDhkEL"},"_contentSize":{"__type__":"cc.Size","width":65,"height":210},"_position":{"__type__":"cc.Vec2","x":392.5}},{"__type__":"cc.PageView","node":{"__id__":34},"content":{"__id__":36},"inertia":false,"brake":1,"elastic":false,"bounceDuration":0,"autoPageTurningThreshold":60,"pageTurningSpeed":10000000},{"__type__":"cc.Layout","node":{"__id__":40},"_layoutSize":{"__type__":"cc.Size","width":574,"height":180}},{"__type__":"cc.Node","_name":"defeat_boss_layout","_parent":{"__id__":3},"_children":[{"__id__":41},{"__id__":42}],"_components":[{"__type__":"cc.Sprite","node":{"__id__":40},"_type":1,"_sizeMode":0},{"__id__":39}],"_prefab":{"__type__":"cc.PrefabInfo","root":{"__id__":1},"asset":{"__uuid__":"eeDYaXjZhGtb53ov9v/Byz"},"fileId":"05PFVvMIlNjqQatDax0sFI"},"_opacity":0,"_color":{"__type__":"cc.Color","r":167,"g":167,"b":167},"_contentSize":{"__type__":"cc.Size","width":574,"height":180},"_position":{"__type__":"cc.Vec2","y":-360}},{"__type__":"cc.Node","_name":"defeat_label","_parent":{"__id__":40},"_components":[{"__type__":"cc.Label","node":{"__id__":41},"_useOriginalSize":false,"_actualFontSize":72,"_fontSize":72,"_lineHeight":72,"_N$file":{"__uuid__":"18hOwRDuJKNow8tiI0Utmq"},"_isSystemFontUsed":false,"_N$string":"DEFEAT","_N$horizontalAlign":1,"_N$verticalAlign":1},{"__type__":"cc.Widget","node":{"__id__":41},"_alignFlags":1}],"_prefab":{"__type__":"cc.PrefabInfo","root":{"__id__":1},"asset":{"__uuid__":"eeDYaXjZhGtb53ov9v/Byz"},"fileId":"71Lm1u/PxAT6kNidOVZOnf"},"_color":{"__type__":"cc.Color","r":243,"g":241,"b":90},"_contentSize":{"__type__":"cc.Size","width":261,"height":72},"_position":{"__type__":"cc.Vec2","y":54}},{"__type__":"cc.Node","_name":"boss_label","_parent":{"__id__":40},"_components":[{"__type__":"cc.Label","node":{"__id__":42},"_useOriginalSize":false,"_actualFontSize":72,"_fontSize":72,"_lineHeight":72,"_N$file":{"__uuid__":"18hOwRDuJKNow8tiI0Utmq"},"_isSystemFontUsed":false,"_N$string":"BOSS TOMATO","_N$horizontalAlign":1,"_N$verticalAlign":1},{"__type__":"cc.Widget","node":{"__id__":42},"_alignFlags":4}],"_prefab":{"__type__":"cc.PrefabInfo","root":{"__id__":1},"asset":{"__uuid__":"eeDYaXjZhGtb53ov9v/Byz"},"fileId":"04NVN1RYhKdaxio9tgVN3N"},"_color":{"__type__":"cc.Color","r":238,"g":58,"b":56},"_contentSize":{"__type__":"cc.Size","width":493,"height":72},"_position":{"__type__":"cc.Vec2","y":-54}},{"__type__":"cc.Node","_name":"knife_count","_parent":{"__id__":3},"_components":[{"__id__":44},{"__type__":"cc.Widget","node":{"__id__":43},"_alignFlags":4,"_bottom":766}],"_prefab":{"__type__":"cc.PrefabInfo","root":{"__id__":1},"asset":{"__uuid__":"eeDYaXjZhGtb53ov9v/Byz"},"fileId":"7dNz5oCapFBIoLaLTCSl8X"},"_contentSize":{"__type__":"cc.Size","width":100,"height":48},"_position":{"__type__":"cc.Vec2","y":-170}},{"__type__":"cc.Label","node":{"__id__":43},"_useOriginalSize":false,"_actualFontSize":48,"_fontSize":48,"_lineHeight":48,"_N$file":{"__uuid__":"18hOwRDuJKNow8tiI0Utmq"},"_isSystemFontUsed":false,"_N$string":"5/24","_N$horizontalAlign":1,"_N$verticalAlign":1},{"__type__":"cc.Node","_name":"back_button","_parent":{"__id__":3},"_children":[{"__id__":46}],"_components":[{"__type__":"cc.Sprite","node":{"__id__":45},"_type":1,"_sizeMode":0},{"__id__":47},{"__type__":"cc.Widget","node":{"__id__":45},"_alignFlags":9,"_left":-10,"_top":40},{"__type__":"cc.AudioSource","node":{"__id__":45},"_clip":{"__uuid__":"87x2eSC09L07/7K+SRfWp/"},"preload":true}],"_prefab":{"__type__":"cc.PrefabInfo","root":{"__id__":1},"asset":{"__uuid__":"eeDYaXjZhGtb53ov9v/Byz"},"fileId":"105ZTDqfpC26ML0uPr3rme"},"_contentSize":{"__type__":"cc.Size","width":300,"height":80},"_position":{"__type__":"cc.Vec2","x":-400,"y":880}},{"__type__":"cc.Node","_name":"triangle","_parent":{"__id__":45},"_components":[{"__type__":"cc.Sprite","node":{"__id__":46},"_spriteFrame":{"__uuid__":"abRAgsUjlG2qQxvPwJiR9i"}}],"_prefab":{"__type__":"cc.PrefabInfo","root":{"__id__":1},"asset":{"__uuid__":"eeDYaXjZhGtb53ov9v/Byz"},"fileId":"41XtApT9BCJLLrBhsjrW3U"},"_contentSize":{"__type__":"cc.Size","width":28,"height":42},"_position":{"__type__":"cc.Vec2","x":-60}},{"__type__":"cc.Button","node":{"__id__":45},"pressedColor":{"__type__":"cc.Color","r":255,"g":255,"b":255},"_N$normalColor":{"__type__":"cc.Color","r":255,"g":255,"b":255},"_N$disabledColor":{"__type__":"cc.Color","r":255,"g":255,"b":255},"_N$pressedSprite":{"__uuid__":"e97GVMl6JHh5Ml5qEDdSGa"},"pressedSprite":{"__uuid__":"e97GVMl6JHh5Ml5qEDdSGa"},"_N$hoverSprite":{"__uuid__":"e97GVMl6JHh5Ml5qEDdSGa"},"hoverSprite":{"__uuid__":"e97GVMl6JHh5Ml5qEDdSGa"},"_N$disabledSprite":{"__uuid__":"29FYIk+N1GYaeWH/q1NxQO"},"_N$target":{"__id__":45}},{"__type__":"cc.Node","_name":"currency_layout","_parent":{"__id__":3},"_children":[{"__id__":49},{"__id__":50}],"_components":[{"__type__":"cc.Widget","node":{"__id__":48},"_alignFlags":33,"_right":40.000000000000114,"_top":40}],"_prefab":{"__type__":"cc.PrefabInfo","root":{"__id__":1},"asset":{"__uuid__":"eeDYaXjZhGtb53ov9v/Byz"},"fileId":"975gWD3t5K9LAal//3VlUa"},"_anchorPoint":{"__type__":"cc.Vec2"},"_contentSize":{"__type__":"cc.Size","height":80},"_position":{"__type__":"cc.Vec2","x":499.9999999999999,"y":840}},{"__type__":"cc.Node","_name":"currency","_parent":{"__id__":48},"_components":[{"__type__":"cc.Sprite","node":{"__id__":49},"_spriteFrame":{"__uuid__":"4bsRixOIdMc727aj6FnG8h"}},{"__type__":"cc.Widget","node":{"__id__":49},"_alignFlags":33,"_right":10.5,"_top":19.5}],"_prefab":{"__type__":"cc.PrefabInfo","root":{"__id__":1},"asset":{"__uuid__":"eeDYaXjZhGtb53ov9v/Byz"},"fileId":"187DLyYHBJAbLLC1lL4SUY"},"_contentSize":{"__type__":"cc.Size","width":72,"height":72},"_position":{"__type__":"cc.Vec2","x":-46.5,"y":24.5}},{"__type__":"cc.Node","_name":"currency_label","_parent":{"__id__":48},"_components":[{"__id__":51},{"__type__":"cc.Widget","node":{"__id__":50},"_alignFlags":34,"_right":90,"_verticalCenter":-15}],"_prefab":{"__type__":"cc.PrefabInfo","root":{"__id__":1},"asset":{"__uuid__":"eeDYaXjZhGtb53ov9v/Byz"},"fileId":"ec8+JCzqhIZZA9wpfvLQbV"},"_color":{"__type__":"cc.Color","r":255,"g":158},"_anchorPoint":{"__type__":"cc.Vec2","x":1,"y":0.5},"_contentSize":{"__type__":"cc.Size","width":240,"height":80},"_position":{"__type__":"cc.Vec2","x":-90,"y":25}},{"__type__":"cc.Label","node":{"__id__":50},"_useOriginalSize":false,"_actualFontSize":80,"_fontSize":80,"_lineHeight":80,"_N$file":{"__uuid__":"18hOwRDuJKNow8tiI0Utmq"},"_isSystemFontUsed":false,"_N$string":"0","_N$horizontalAlign":2,"_N$verticalAlign":1,"_N$overflow":3},{"__type__":"cc.Sprite","node":{"__id__":3},"_sizeMode":0}]]