[{"__type__":"cc.SpriteFrame","content":{"name":"continue_knive","texture":"a6M+h3y+1Ns4sUL1lbFrBd","rect":[22,14,231,222],"offset":[3.5,9.5],"originalSize":[268,269]}},{"__type__":"cc.SpriteFrame","content":{"name":"default_btn_disabled","texture":"71VhFCTINJM6/Ky3oX9nBT","rect":[0,0,40,40],"offset":[0,0],"originalSize":[40,40],"capInsets":[15,7,15,9]}},{"__type__":"cc.AnimationClip","_name":"circle_progress_bar_anim","_duration":6,"curveData":{"paths":{"bar":{"comps":{"cc.Sprite":{"fillRange":[{"frame":0.03333333333333333,"value":1},{"frame":6,"value":0}]}}}}}},{"__type__":"cc.AudioClip","_name":"continue_countdown","_native":".mp3"},{"__type__":"cc.SpriteFrame","content":{"name":"equip_button","texture":"83cEtgCn1HOa4xbpEzFeIq","rect":[8,8,574,180],"offset":[-0.5,0.5],"originalSize":[591,197]}},{"__type__":"cc.SpriteFrame","content":{"name":"coins","texture":"0eRn0uePxFY4RP26diJSk6","rect":[9,9,72,72],"offset":[0,0],"originalSize":[90,90]}},{"__type__":"cc.SpriteFrame","content":{"name":"equip_button_pressed","texture":"131au4vJJDzYGDZK2YVA4S","rect":[8,8,574,180],"offset":[-0.5,0.5],"originalSize":[591,197]}},{"__type__":"cc.SpriteFrame","content":{"name":"ad","texture":"b8E9o7jxtHJLttXUp/aTwV","rect":[0,0,93,105],"offset":[-1.5,37.5],"originalSize":[96,180]}},{"__type__":"cc.SpriteFrame","content":{"name":"ring","texture":"cdNkll7dROY6+6wdwcvloS","rect":[3,3,441,441],"offset":[0,0],"originalSize":[447,447]}},{"__type__":"cc.SpriteFrame","content":{"name":"video","texture":"46e4M9eLtBMLsgWwbf/Lwb","rect":[8,8,74,74],"offset":[0,0],"originalSize":[90,90]}},{"__type__":"cc.SpriteFrame","content":{"name":"default_sprite_splash","texture":"02delMVqdBD70a/HSD99FK","rect":[0,0,2,2],"offset":[0,0],"originalSize":[2,2]}},[{"__type__":"cc.Prefab","_name":"page_continue","data":{"__id__":1}},{"__type__":"cc.Node","_name":"continue_page","_children":[{"__id__":2},{"__id__":3}],"_components":[{"__type__":"cc.Widget","node":{"__id__":1},"_alignFlags":45},{"__type__":"00ac9kvMq5MwZuCQKkK6uXd","node":{"__id__":1},"stageProgressBarLayoutNode":{"__id__":4},"circleAnimationNode":{"__id__":26},"stageLabel":{"__id__":6},"scoreLabel":{"__id__":8},"topScoreLabel":{"__id__":20},"currencyLabel":{"__id__":24},"quitButton":{"__id__":18},"continueButton":{"__id__":15},"countdownAudio":{"__uuid__":"34zoZp3Z1GIIFG4Jue5rxu"}}],"_prefab":{"__type__":"cc.PrefabInfo","root":{"__id__":1},"asset":{"__uuid__":"c2D71OZQdKi6XpfgXSqrZY"},"fileId":"04NI2D+rhOypc6uQrz0RCI"},"_contentSize":{"__type__":"cc.Size","width":1200,"height":2133.3333333333335},"_scaleX":0.9,"_scaleY":0.9,"_position":{"__type__":"cc.Vec2","x":540,"y":960}},{"__type__":"cc.Node","_name":"background","_parent":{"__id__":1},"_components":[{"__type__":"cc.Sprite","node":{"__id__":2},"_spriteFrame":{"__uuid__":"a2MjXRFdtLlYQ5ouAFv/+R"},"_sizeMode":0},{"__type__":"cc.Widget","node":{"__id__":2},"_alignFlags":45,"_originalWidth":100,"_originalHeight":100}],"_prefab":{"__type__":"cc.PrefabInfo","root":{"__id__":1},"asset":{"__uuid__":"c2D71OZQdKi6XpfgXSqrZY"},"fileId":"d25Cdjv0RDB5Huu9hrXvo4"},"_opacity":230,"_color":{"__type__":"cc.Color"},"_contentSize":{"__type__":"cc.Size","width":1200,"height":2133.3333333333335}},{"__type__":"cc.Node","_name":"root","_parent":{"__id__":1},"_children":[{"__id__":4},{"__id__":5},{"__id__":7},{"__id__":9},{"__id__":10},{"__id__":11},{"__id__":16},{"__id__":19},{"__id__":21},{"__id__":25},{"__id__":26}],"_components":[{"__type__":"cc.Widget","node":{"__id__":3},"_alignFlags":45,"_top":-4.547473508864641e-13,"_bottom":4.547473508864641e-13},{"__type__":"cc.Sprite","node":{"__id__":3},"_sizeMode":0}],"_prefab":{"__type__":"cc.PrefabInfo","root":{"__id__":1},"asset":{"__uuid__":"c2D71OZQdKi6XpfgXSqrZY"},"fileId":"73StmZCQxFzqo8kvYq7gQ0"},"_contentSize":{"__type__":"cc.Size","width":1200,"height":2133.3333333333335},"_position":{"__type__":"cc.Vec2","y":4.547473508864641e-13}},{"__type__":"cc.Node","_name":"stage_progress_bar_layout","_parent":{"__id__":3},"_components":[{"__type__":"cc.Layout","node":{"__id__":4},"_layoutSize":{"__type__":"cc.Size","width":800,"height":263.3333333333335},"_resize":1,"_N$layoutType":1,"_N$spacingX":10,"_N$spacingY":3},{"__type__":"cc.Widget","node":{"__id__":4},"_alignFlags":21,"_left":127.99999999999977,"_right":568,"_top":79,"_bottom":1791},{"__type__":"374a9r2QzlDgpgamW2Qqx5Z","node":{"__id__":4}}],"_prefab":{"__type__":"cc.PrefabInfo","root":{"__id__":1},"asset":{"__uuid__":"c2D71OZQdKi6XpfgXSqrZY"},"fileId":"ee9G3Q+AZM57zFqTXsrhWf"},"_color":{"__type__":"cc.Color","r":167,"g":167,"b":167},"_anchorPoint":{"__type__":"cc.Vec2","x":0.5},"_contentSize":{"__type__":"cc.Size","width":800,"height":263.3333333333335},"_position":{"__type__":"cc.Vec2","y":724.3333333333333}},{"__type__":"cc.Node","_name":"stage_label","_parent":{"__id__":3},"_components":[{"__id__":6},{"__type__":"cc.Widget","node":{"__id__":5},"_alignFlags":17,"_top":157}],"_prefab":{"__type__":"cc.PrefabInfo","root":{"__id__":1},"asset":{"__uuid__":"c2D71OZQdKi6XpfgXSqrZY"},"fileId":"2bO1VYNzVB2aQa3gbx6LUX"},"_color":{"__type__":"cc.Color","r":240,"g":167,"b":60},"_contentSize":{"__type__":"cc.Size","width":217,"height":60},"_position":{"__type__":"cc.Vec2","y":879.6666666666667}},{"__type__":"cc.Label","node":{"__id__":5},"_useOriginalSize":false,"_actualFontSize":60,"_fontSize":60,"_lineHeight":60,"_N$file":{"__uuid__":"18hOwRDuJKNow8tiI0Utmq"},"_isSystemFontUsed":false,"_N$string":"STAGE 1","_N$horizontalAlign":1,"_N$verticalAlign":1},{"__type__":"cc.Node","_name":"score_label","_parent":{"__id__":3},"_components":[{"__id__":8},{"__type__":"cc.Widget","node":{"__id__":7},"_alignFlags":17,"_left":480,"_right":480,"_top":310,"_verticalCenter":5,"_originalWidth":120}],"_prefab":{"__type__":"cc.PrefabInfo","root":{"__id__":1},"asset":{"__uuid__":"c2D71OZQdKi6XpfgXSqrZY"},"fileId":"6dm5s+D7FLEIBVRYflSQGl"},"_color":{"__type__":"cc.Color","r":243,"g":241,"b":90},"_contentSize":{"__type__":"cc.Size","width":360,"height":200},"_position":{"__type__":"cc.Vec2","y":656.6666666666667}},{"__type__":"cc.Label","node":{"__id__":7},"_useOriginalSize":false,"_actualFontSize":200,"_fontSize":200,"_lineHeight":200,"_N$file":{"__uuid__":"7aFpAb4yhGIbisve23IzFd"},"_isSystemFontUsed":false,"_N$string":"120","_N$horizontalAlign":1,"_N$verticalAlign":1,"_N$overflow":3},{"__type__":"cc.Node","_name":"continue_label","_parent":{"__id__":3},"_components":[{"__type__":"cc.Label","node":{"__id__":9},"_useOriginalSize":false,"_actualFontSize":60,"_fontSize":60,"_lineHeight":120,"_N$file":{"__uuid__":"18hOwRDuJKNow8tiI0Utmq"},"_isSystemFontUsed":false,"_N$string":"COUNTINUE?","_N$horizontalAlign":1,"_N$verticalAlign":1,"_N$overflow":3},{"__type__":"cc.Widget","node":{"__id__":9},"_alignFlags":17,"_left":480,"_right":480,"_top":586,"_verticalCenter":5,"_originalWidth":120}],"_prefab":{"__type__":"cc.PrefabInfo","root":{"__id__":1},"asset":{"__uuid__":"c2D71OZQdKi6XpfgXSqrZY"},"fileId":"90pusq+W9Pnq69YEP16fad"},"_contentSize":{"__type__":"cc.Size","width":600,"height":120},"_position":{"__type__":"cc.Vec2","y":420.66666666666674}},{"__type__":"cc.Node","_name":"reward_knife","_parent":{"__id__":3},"_components":[{"__type__":"cc.Sprite","node":{"__id__":10},"_spriteFrame":{"__uuid__":"06xc36sNBL7JC4pZlsGbBv"},"_sizeMode":0},{"__type__":"cc.Widget","node":{"__id__":10},"_alignFlags":1,"_top":1006.6666666666667}],"_prefab":{"__type__":"cc.PrefabInfo","root":{"__id__":1},"asset":{"__uuid__":"c2D71OZQdKi6XpfgXSqrZY"},"fileId":"0aiW9qWhFKN7wCil2sahdq"},"_contentSize":{"__type__":"cc.Size","width":320,"height":320},"_position":{"__type__":"cc.Vec2","y":-100}},{"__type__":"cc.Node","_name":"continue_button","_parent":{"__id__":3},"_children":[{"__id__":12},{"__id__":13},{"__id__":14}],"_components":[{"__type__":"cc.Sprite","node":{"__id__":11},"_spriteFrame":{"__uuid__":"40TmHVWd1KVbKSZiJ0BRIx"},"_type":1,"_sizeMode":0},{"__id__":15},{"__type__":"cc.Widget","node":{"__id__":11},"_alignFlags":20,"_bottom":323.5,"_verticalCenter":-300},{"__type__":"cc.AudioSource","node":{"__id__":11},"_clip":{"__uuid__":"87x2eSC09L07/7K+SRfWp/"},"preload":true}],"_prefab":{"__type__":"cc.PrefabInfo","root":{"__id__":1},"asset":{"__uuid__":"c2D71OZQdKi6XpfgXSqrZY"},"fileId":"85y9+b7iRJB72mUcZ5t1qg"},"_contentSize":{"__type__":"cc.Size","width":574,"height":165},"_position":{"__type__":"cc.Vec2","y":-660.6666666666667}},{"__type__":"cc.Node","_name":"play_label","_parent":{"__id__":11},"_components":[{"__type__":"cc.Label","node":{"__id__":12},"_useOriginalSize":false,"_actualFontSize":60,"_fontSize":60,"_lineHeight":80,"_N$file":{"__uuid__":"18hOwRDuJKNow8tiI0Utmq"},"_isSystemFontUsed":false,"_N$string":"CONTINUE","_N$horizontalAlign":1,"_N$verticalAlign":1},{"__type__":"cc.Widget","node":{"__id__":12},"_alignFlags":8,"_left":170}],"_prefab":{"__type__":"cc.PrefabInfo","root":{"__id__":1},"asset":{"__uuid__":"c2D71OZQdKi6XpfgXSqrZY"},"fileId":"828KOlM81OB7q8EylODXLm"},"_contentSize":{"__type__":"cc.Size","width":300,"height":80},"_position":{"__type__":"cc.Vec2","x":33}},{"__type__":"cc.Node","_name":"video","_parent":{"__id__":11},"_components":[{"__type__":"cc.Sprite","node":{"__id__":13},"_spriteFrame":{"__uuid__":"96aGPmsFFJoKGO8DSdyIvp"}},{"__type__":"cc.Widget","node":{"__id__":13},"_alignFlags":8,"_left":62}],"_prefab":{"__type__":"cc.PrefabInfo","root":{"__id__":1},"asset":{"__uuid__":"c2D71OZQdKi6XpfgXSqrZY"},"fileId":"d6Z9shj4FHyZS21G5rjcqw"},"_contentSize":{"__type__":"cc.Size","width":74,"height":74},"_position":{"__type__":"cc.Vec2","x":-188}},{"__type__":"cc.Node","_name":"ad_image","_parent":{"__id__":11},"_components":[{"__type__":"cc.Sprite","node":{"__id__":14},"_spriteFrame":{"__uuid__":"6baHE+A2xFwbwMuHqQU/B3"}},{"__type__":"cc.Widget","node":{"__id__":14},"_alignFlags":9}],"_prefab":{"__type__":"cc.PrefabInfo","root":{"__id__":1},"asset":{"__uuid__":"c2D71OZQdKi6XpfgXSqrZY"},"fileId":"2bXK8lLTpOirM7fYtzKJ45"},"_contentSize":{"__type__":"cc.Size","width":93,"height":105},"_position":{"__type__":"cc.Vec2","x":-240.5,"y":30}},{"__type__":"cc.Button","node":{"__id__":11},"transition":2,"pressedColor":{"__type__":"cc.Color","r":255,"g":255,"b":255},"_N$normalColor":{"__type__":"cc.Color","r":255,"g":255,"b":255},"_N$disabledColor":{"__type__":"cc.Color","r":255,"g":255,"b":255},"_N$normalSprite":{"__uuid__":"40TmHVWd1KVbKSZiJ0BRIx"},"_N$pressedSprite":{"__uuid__":"55ZTPln5JPkrkYMW/DgfOF"},"pressedSprite":{"__uuid__":"55ZTPln5JPkrkYMW/DgfOF"},"_N$hoverSprite":{"__uuid__":"40TmHVWd1KVbKSZiJ0BRIx"},"hoverSprite":{"__uuid__":"40TmHVWd1KVbKSZiJ0BRIx"},"_N$disabledSprite":{"__uuid__":"40TmHVWd1KVbKSZiJ0BRIx"},"_N$target":{"__id__":11}},{"__type__":"cc.Node","_name":"jump_to_done_button","_parent":{"__id__":3},"_children":[{"__id__":17}],"_components":[{"__type__":"cc.Sprite","node":{"__id__":16},"_type":1,"_sizeMode":0},{"__id__":18},{"__type__":"cc.Widget","node":{"__id__":16},"_alignFlags":20,"_bottom":224,"_verticalCenter":-600},{"__type__":"cc.AudioSource","node":{"__id__":16},"_clip":{"__uuid__":"87x2eSC09L07/7K+SRfWp/"},"preload":true}],"_prefab":{"__type__":"cc.PrefabInfo","root":{"__id__":1},"asset":{"__uuid__":"c2D71OZQdKi6XpfgXSqrZY"},"fileId":"2e6J52jxFHb7nbzy8sbg5D"},"_opacity":0,"_contentSize":{"__type__":"cc.Size","width":400,"height":54},"_position":{"__type__":"cc.Vec2","y":-815.6666666666667}},{"__type__":"cc.Node","_name":"play_label","_parent":{"__id__":16},"_components":[{"__type__":"cc.Label","node":{"__id__":17},"_useOriginalSize":false,"_actualFontSize":54,"_fontSize":54,"_lineHeight":54,"_N$file":{"__uuid__":"18hOwRDuJKNow8tiI0Utmq"},"_isSystemFontUsed":false,"_N$string":"NO THANKS","_N$horizontalAlign":1,"_N$verticalAlign":1}],"_prefab":{"__type__":"cc.PrefabInfo","root":{"__id__":1},"asset":{"__uuid__":"c2D71OZQdKi6XpfgXSqrZY"},"fileId":"8d4oIvH0FL2Ko+5JXt6YS8"},"_contentSize":{"__type__":"cc.Size","width":306,"height":54}},{"__type__":"cc.Button","node":{"__id__":16},"transition":3,"pressedColor":{"__type__":"cc.Color","r":255,"g":255,"b":255},"_N$normalColor":{"__type__":"cc.Color","r":255,"g":255,"b":255},"_N$disabledColor":{"__type__":"cc.Color","r":255,"g":255,"b":255},"_N$normalSprite":{"__uuid__":"f0BIwQ8D5Ml7nTNQbh1YlS"},"_N$pressedSprite":{"__uuid__":"e97GVMl6JHh5Ml5qEDdSGa"},"pressedSprite":{"__uuid__":"e97GVMl6JHh5Ml5qEDdSGa"},"_N$hoverSprite":{"__uuid__":"e97GVMl6JHh5Ml5qEDdSGa"},"hoverSprite":{"__uuid__":"e97GVMl6JHh5Ml5qEDdSGa"},"_N$disabledSprite":{"__uuid__":"29FYIk+N1GYaeWH/q1NxQO"},"_N$target":{"__id__":16}},{"__type__":"cc.Node","_name":"score_label_top","_parent":{"__id__":3},"_components":[{"__id__":20},{"__type__":"cc.Widget","node":{"__id__":19},"_alignFlags":9,"_left":48,"_right":885,"_top":48,"_verticalCenter":5,"_originalWidth":120}],"_prefab":{"__type__":"cc.PrefabInfo","root":{"__id__":1},"asset":{"__uuid__":"c2D71OZQdKi6XpfgXSqrZY"},"fileId":"43I60UygxM0ZFF1m7B4lzf"},"_color":{"__type__":"cc.Color","r":255,"g":158},"_anchorPoint":{"__type__":"cc.Vec2","y":0.5},"_contentSize":{"__type__":"cc.Size","width":240,"height":80},"_position":{"__type__":"cc.Vec2","x":-552,"y":978.6666666666667}},{"__type__":"cc.Label","node":{"__id__":19},"_useOriginalSize":false,"_actualFontSize":80,"_fontSize":80,"_lineHeight":80,"_N$file":{"__uuid__":"18hOwRDuJKNow8tiI0Utmq"},"_isSystemFontUsed":false,"_N$string":"0","_N$verticalAlign":1,"_N$overflow":3},{"__type__":"cc.Node","_name":"currency_layout","_parent":{"__id__":3},"_children":[{"__id__":22},{"__id__":23}],"_components":[{"__type__":"cc.Widget","node":{"__id__":21},"_alignFlags":33,"_right":48,"_top":48}],"_prefab":{"__type__":"cc.PrefabInfo","root":{"__id__":1},"asset":{"__uuid__":"c2D71OZQdKi6XpfgXSqrZY"},"fileId":"02Hi/m/Q5EQ5DgftmWrMcZ"},"_anchorPoint":{"__type__":"cc.Vec2"},"_contentSize":{"__type__":"cc.Size","height":80},"_position":{"__type__":"cc.Vec2","x":552,"y":938.6666666666667}},{"__type__":"cc.Node","_name":"currency","_parent":{"__id__":21},"_components":[{"__type__":"cc.Sprite","node":{"__id__":22},"_spriteFrame":{"__uuid__":"4bsRixOIdMc727aj6FnG8h"},"_sizeMode":0},{"__type__":"cc.Widget","node":{"__id__":22},"_alignFlags":34,"_right":1.75,"_top":10.5}],"_prefab":{"__type__":"cc.PrefabInfo","root":{"__id__":1},"asset":{"__uuid__":"c2D71OZQdKi6XpfgXSqrZY"},"fileId":"35YHZ2IjtOG4Vuc7eWr7xi"},"_contentSize":{"__type__":"cc.Size","width":90,"height":90},"_position":{"__type__":"cc.Vec2","x":-46.75,"y":40}},{"__type__":"cc.Node","_name":"currency_label","_parent":{"__id__":21},"_components":[{"__id__":24},{"__type__":"cc.Widget","node":{"__id__":23},"_alignFlags":32,"_right":120,"_verticalCenter":5}],"_prefab":{"__type__":"cc.PrefabInfo","root":{"__id__":1},"asset":{"__uuid__":"c2D71OZQdKi6XpfgXSqrZY"},"fileId":"e2+r5EDNFFAZKMhKCN9HjF"},"_color":{"__type__":"cc.Color","r":255,"g":158},"_anchorPoint":{"__type__":"cc.Vec2","x":1,"y":0.5},"_contentSize":{"__type__":"cc.Size","width":240,"height":80},"_position":{"__type__":"cc.Vec2","x":-120,"y":45}},{"__type__":"cc.Label","node":{"__id__":23},"_useOriginalSize":false,"_actualFontSize":80,"_fontSize":80,"_lineHeight":80,"_N$file":{"__uuid__":"18hOwRDuJKNow8tiI0Utmq"},"_isSystemFontUsed":false,"_N$string":"0","_N$horizontalAlign":2,"_N$verticalAlign":1,"_N$overflow":3},{"__type__":"cc.Node","_name":"stage_progress_bar_layout","_parent":{"__id__":3},"_components":[{"__type__":"cc.Layout","node":{"__id__":25},"_layoutSize":{"__type__":"cc.Size","width":800,"height":263.3333333333335},"_resize":1,"_N$layoutType":1,"_N$spacingX":20,"_N$spacingY":3},{"__type__":"cc.Widget","node":{"__id__":25},"_alignFlags":21,"_left":127.99999999999977,"_right":568,"_top":50,"_bottom":1820},{"__type__":"374a9r2QzlDgpgamW2Qqx5Z","node":{"__id__":25}}],"_prefab":{"__type__":"cc.PrefabInfo","root":{"__id__":1},"asset":{"__uuid__":"c2D71OZQdKi6XpfgXSqrZY"},"fileId":"1ecTef2stI4aHYACKEo3vd"},"_color":{"__type__":"cc.Color","r":167,"g":167,"b":167},"_anchorPoint":{"__type__":"cc.Vec2","x":0.5},"_contentSize":{"__type__":"cc.Size","width":800,"height":263.3333333333335},"_position":{"__type__":"cc.Vec2","y":753.3333333333333}},{"__type__":"cc.Node","_name":"circle_progress_bar","_objFlags":512,"_parent":{"__id__":3},"_children":[{"__id__":27}],"_components":[{"__type__":"cc.Sprite","node":{"__id__":26},"_sizeMode":0},{"__type__":"cc.ProgressBar","node":{"__id__":26},"_N$totalLength":0.5,"_N$barSprite":{"__id__":28},"_N$mode":2,"_N$progress":0.5},{"__type__":"cc.Animation","node":{"__id__":26},"_defaultClip":{"__uuid__":"33fYO4vWNPeoj3cGIICs19"},"_clips":[{"__uuid__":"33fYO4vWNPeoj3cGIICs19"}]}],"_prefab":{"__type__":"cc.PrefabInfo","root":{"__id__":1},"asset":{"__uuid__":"c2D71OZQdKi6XpfgXSqrZY"},"fileId":"56Ts9eeLtLepoo8aBypb8E"},"_contentSize":{"__type__":"cc.Size","width":600,"height":600},"_position":{"__type__":"cc.Vec2","y":-100}},{"__type__":"cc.Node","_name":"bar","_parent":{"__id__":26},"_components":[{"__id__":28}],"_prefab":{"__type__":"cc.PrefabInfo","root":{"__id__":1},"asset":{"__uuid__":"c2D71OZQdKi6XpfgXSqrZY"},"fileId":"d5ZVVNZk1MKapQ1QmBsQVv"},"_contentSize":{"__type__":"cc.Size","width":600,"height":600}},{"__type__":"cc.Sprite","node":{"__id__":27},"_spriteFrame":{"__uuid__":"86XCVnirJFNYIrMfGl1q1x"},"_type":3,"_sizeMode":0,"_fillType":2,"_fillCenter":{"__type__":"cc.Vec2","x":0.5,"y":0.5},"_fillStart":0.25,"_fillRange":1}],{"__type__":"cc.SpriteFrame","content":{"name":"default_btn_pressed","texture":"b4P/PCArtIdIH38t6mlw8Y","rect":[0,0,40,40],"offset":[0,0],"originalSize":[40,40],"capInsets":[11,11,11,7]}},{"__type__":"cc.SpriteFrame","content":{"name":"default_btn_normal","texture":"e8Ueib+qJEhL6mXAHdnwbi","rect":[0,0,40,40],"offset":[0,0],"originalSize":[40,40],"capInsets":[8,11,7,9]}}]