[{"__type__":"cc.SpriteFrame","content":{"name":"tools","texture":"e83595CvJJQJrN2DzLRnPD","rect":[5,2,80,85],"offset":[0,0.5],"originalSize":[90,90]}},{"__type__":"cc.SpriteFrame","content":{"name":"default_btn_disabled","texture":"71VhFCTINJM6/Ky3oX9nBT","rect":[0,0,40,40],"offset":[0,0],"originalSize":[40,40],"capInsets":[15,7,15,9]}},{"__type__":"cc.SpriteFrame","content":{"name":"black_bg","texture":"43IiGz5FhMlZPpY9AmoE9k","rect":[0,0,1,1],"offset":[0,0],"originalSize":[1,1]}},{"__type__":"cc.SpriteFrame","content":{"name":"play_button_pressed","texture":"8ffIB2tgtC+r/jYGUyWayH","rect":[7,8,578,182],"offset":[0.5,-0.5],"originalSize":[591,197]}},{"__type__":"cc.SpriteFrame","content":{"name":"play_button","texture":"2ce0zwF9JPObs8+JgyH9pY","rect":[7,8,578,182],"offset":[0.5,-0.5],"originalSize":[591,197]}},{"__type__":"cc.SpriteFrame","content":{"name":"coins","texture":"0eRn0uePxFY4RP26diJSk6","rect":[9,9,72,72],"offset":[0,0],"originalSize":[90,90]}},{"__type__":"cc.SpriteFrame","content":{"name":"main_background","texture":"b9lt2eh59BnIJKPsEQJu6d","rect":[0,0,1080,1920],"offset":[0,0],"originalSize":[1080,1920]}},{"__type__":"cc.SpriteFrame","content":{"name":"gift","texture":"c8hPhpk3xG1o2YPYlZt5Wm","rect":[10,10,70,70],"offset":[0,0],"originalSize":[90,90]}},[{"__type__":"cc.Prefab","_name":"page_main","data":{"__id__":1}},{"__type__":"cc.Node","_name":"main_page","_children":[{"__id__":2},{"__id__":18},{"__id__":21},{"__id__":22},{"__id__":12}],"_components":[{"__type__":"cc.Widget","node":{"__id__":1},"_alignFlags":45},{"__type__":"2dc434hn4dI4JPEXP9+95Mg","node":{"__id__":1},"knifeNode":{"__id__":20},"currencyLabel":{"__id__":16},"playButton":{"__id__":5},"shopButton":{"__id__":7},"settingButton":{"__id__":23},"giftButton":{"__id__":11}}],"_prefab":{"__type__":"cc.PrefabInfo","root":{"__id__":1},"asset":{"__uuid__":"8cXrICsXpKKZ76tEHa7okk"},"fileId":"04NI2D+rhOypc6uQrz0RCI"},"_contentSize":{"__type__":"cc.Size","width":1080,"height":1920},"_position":{"__type__":"cc.Vec2","x":540,"y":960}},{"__type__":"cc.Node","_name":"background","_parent":{"__id__":1},"_children":[{"__id__":3},{"__id__":6},{"__id__":8},{"__id__":20}],"_components":[{"__type__":"cc.Widget","node":{"__id__":2},"_alignFlags":45,"_top":-4.547473508864641e-13,"_bottom":4.547473508864641e-13},{"__type__":"cc.Sprite","node":{"__id__":2},"_spriteFrame":{"__uuid__":"7fwfRNLmpF5YGfF7ABEYIM"},"_sizeMode":0}],"_prefab":{"__type__":"cc.PrefabInfo","root":{"__id__":1},"asset":{"__uuid__":"8cXrICsXpKKZ76tEHa7okk"},"fileId":"73StmZCQxFzqo8kvYq7gQ0"},"_contentSize":{"__type__":"cc.Size","width":1080,"height":1920},"_position":{"__type__":"cc.Vec2","y":4.547473508864641e-13}},{"__type__":"cc.Node","_name":"play_button","_parent":{"__id__":2},"_children":[{"__id__":4}],"_components":[{"__type__":"cc.Sprite","node":{"__id__":3},"_spriteFrame":{"__uuid__":"471SgZa4pM8JuV5UyTEgXu"},"_type":1,"_sizeMode":0},{"__id__":5},{"__type__":"cc.Widget","node":{"__id__":3},"_alignFlags":18,"_verticalCenter":-584},{"__type__":"cc.AudioSource","node":{"__id__":3},"_clip":{"__uuid__":"87x2eSC09L07/7K+SRfWp/"},"preload":true}],"_prefab":{"__type__":"cc.PrefabInfo","root":{"__id__":1},"asset":{"__uuid__":"8cXrICsXpKKZ76tEHa7okk"},"fileId":"3154AdxrxCxJPkwj8hpEqb"},"_contentSize":{"__type__":"cc.Size","width":591,"height":197},"_position":{"__type__":"cc.Vec2","y":-584}},{"__type__":"cc.Node","_name":"play_label","_parent":{"__id__":3},"_components":[{"__type__":"cc.Label","node":{"__id__":4},"_useOriginalSize":false,"_actualFontSize":100,"_fontSize":100,"_lineHeight":100,"_N$file":{"__uuid__":"18hOwRDuJKNow8tiI0Utmq"},"_isSystemFontUsed":false,"_N$string":"PLAY","_N$horizontalAlign":1,"_N$verticalAlign":1}],"_prefab":{"__type__":"cc.PrefabInfo","root":{"__id__":1},"asset":{"__uuid__":"8cXrICsXpKKZ76tEHa7okk"},"fileId":"c7GIRVOFBJ7I1WetJ+wYig"},"_contentSize":{"__type__":"cc.Size","width":242,"height":100}},{"__type__":"cc.Button","node":{"__id__":3},"transition":2,"pressedColor":{"__type__":"cc.Color","r":255,"g":255,"b":255},"_N$normalColor":{"__type__":"cc.Color","r":255,"g":255,"b":255},"_N$disabledColor":{"__type__":"cc.Color","r":255,"g":255,"b":255},"_N$normalSprite":{"__uuid__":"471SgZa4pM8JuV5UyTEgXu"},"_N$pressedSprite":{"__uuid__":"3fMgX8ughE9avj3BRlpu10"},"pressedSprite":{"__uuid__":"3fMgX8ughE9avj3BRlpu10"},"_N$hoverSprite":{"__uuid__":"471SgZa4pM8JuV5UyTEgXu"},"hoverSprite":{"__uuid__":"471SgZa4pM8JuV5UyTEgXu"},"_N$disabledSprite":{"__uuid__":"471SgZa4pM8JuV5UyTEgXu"},"_N$target":{"__id__":3}},{"__type__":"cc.Node","_name":"shop_button","_parent":{"__id__":2},"_components":[{"__type__":"cc.Sprite","node":{"__id__":6},"_spriteFrame":{"__uuid__":"07n03tNGFPw4xvhWvrHDWw"},"_type":1,"_sizeMode":0},{"__id__":7},{"__type__":"cc.Widget","node":{"__id__":6},"_alignFlags":12,"_left":48,"_bottom":48},{"__type__":"cc.AudioSource","node":{"__id__":6},"_clip":{"__uuid__":"87x2eSC09L07/7K+SRfWp/"},"preload":true}],"_prefab":{"__type__":"cc.PrefabInfo","root":{"__id__":1},"asset":{"__uuid__":"8cXrICsXpKKZ76tEHa7okk"},"fileId":"63m3GQGa9MpZU1FuVzc77n"},"_anchorPoint":{"__type__":"cc.Vec2","x":0.5},"_contentSize":{"__type__":"cc.Size","width":90,"height":90},"_position":{"__type__":"cc.Vec2","x":-447,"y":-912}},{"__type__":"cc.Button","node":{"__id__":6},"transition":3,"pressedColor":{"__type__":"cc.Color","r":255,"g":255,"b":255},"_N$normalColor":{"__type__":"cc.Color","r":255,"g":255,"b":255},"_N$disabledColor":{"__type__":"cc.Color","r":255,"g":255,"b":255},"_N$normalSprite":{"__uuid__":"8azw85U9FDFqKGe5WDMFbS"},"_N$pressedSprite":{"__uuid__":"e97GVMl6JHh5Ml5qEDdSGa"},"pressedSprite":{"__uuid__":"e97GVMl6JHh5Ml5qEDdSGa"},"_N$hoverSprite":{"__uuid__":"e97GVMl6JHh5Ml5qEDdSGa"},"hoverSprite":{"__uuid__":"e97GVMl6JHh5Ml5qEDdSGa"},"_N$disabledSprite":{"__uuid__":"29FYIk+N1GYaeWH/q1NxQO"},"_N$target":{"__id__":6}},{"__type__":"cc.Node","_name":"gift_button","_parent":{"__id__":2},"_children":[{"__id__":9}],"_components":[{"__type__":"cc.Sprite","node":{"__id__":8},"_spriteFrame":{"__uuid__":"8azw85U9FDFqKGe5WDMFbS"},"_type":1,"_sizeMode":0},{"__id__":11},{"__type__":"cc.Widget","node":{"__id__":8},"_alignFlags":36,"_right":48,"_bottom":48},{"__type__":"bb633EdaAJEwaGL8zdkySw5","node":{"__id__":8},"giftMask":{"__id__":12},"applePartsPrefab":{"__uuid__":"8ckadHi/5KOo1Aocq8zfO6"},"timerLabel":{"__id__":10},"currencyLabel":{"__id__":16},"giftOpenAudio":{"__uuid__":"65K2zesmRKVpw7dzalBcsV"}}],"_prefab":{"__type__":"cc.PrefabInfo","root":{"__id__":1},"asset":{"__uuid__":"8cXrICsXpKKZ76tEHa7okk"},"fileId":"b2kHaV1vBF0Z/P0CojFBYZ"},"_anchorPoint":{"__type__":"cc.Vec2","x":1},"_contentSize":{"__type__":"cc.Size","width":90,"height":90},"_position":{"__type__":"cc.Vec2","x":492,"y":-912}},{"__type__":"cc.Node","_name":"timer_label","_parent":{"__id__":8},"_components":[{"__id__":10},{"__type__":"cc.Widget","node":{"__id__":9},"_alignFlags":32,"_right":-12.5}],"_prefab":{"__type__":"cc.PrefabInfo","root":{"__id__":1},"asset":{"__uuid__":"8cXrICsXpKKZ76tEHa7okk"},"fileId":"0b9bPBnI1EOJ23BkdM2fnO"},"_opacity":130,"_contentSize":{"__type__":"cc.Size","width":167,"height":40},"_position":{"__type__":"cc.Vec2","x":-71,"y":140}},{"__type__":"cc.Label","node":{"__id__":9},"_useOriginalSize":false,"_N$file":{"__uuid__":"7aFpAb4yhGIbisve23IzFd"},"_isSystemFontUsed":false,"_N$string":"00:03:00","_N$horizontalAlign":1,"_N$verticalAlign":1},{"__type__":"cc.Button","node":{"__id__":8},"transition":3,"pressedColor":{"__type__":"cc.Color","r":255,"g":255,"b":255},"_N$normalColor":{"__type__":"cc.Color","r":255,"g":255,"b":255},"_N$disabledColor":{"__type__":"cc.Color","r":255,"g":255,"b":255},"_N$normalSprite":{"__uuid__":"8azw85U9FDFqKGe5WDMFbS"},"_N$pressedSprite":{"__uuid__":"e97GVMl6JHh5Ml5qEDdSGa"},"pressedSprite":{"__uuid__":"e97GVMl6JHh5Ml5qEDdSGa"},"_N$hoverSprite":{"__uuid__":"e97GVMl6JHh5Ml5qEDdSGa"},"hoverSprite":{"__uuid__":"e97GVMl6JHh5Ml5qEDdSGa"},"_N$disabledSprite":{"__uuid__":"29FYIk+N1GYaeWH/q1NxQO"},"_N$target":{"__id__":8}},{"__type__":"cc.Node","_name":"gift_mask","_parent":{"__id__":1},"_children":[{"__id__":13}],"_components":[{"__type__":"cc.Sprite","node":{"__id__":12},"_spriteFrame":{"__uuid__":"31ICq0AWdC95XopxybfgWf"},"_type":3,"_sizeMode":0,"_fillType":2,"_fillRange":1},{"__type__":"cc.Widget","node":{"__id__":12},"_alignFlags":40,"_originalWidth":1080}],"_prefab":{"__type__":"cc.PrefabInfo","root":{"__id__":1},"asset":{"__uuid__":"8cXrICsXpKKZ76tEHa7okk"},"fileId":"47gxQzGbFIVpgdcM8rTM3G"},"_opacity":0,"_contentSize":{"__type__":"cc.Size","width":1080,"height":1920}},{"__type__":"cc.Node","_name":"gift_coin_count_container","_parent":{"__id__":12},"_children":[{"__id__":14},{"__id__":15}],"_components":[{"__type__":"cc.Layout","node":{"__id__":13},"_layoutSize":{"__type__":"cc.Size","width":270,"height":200},"_resize":2,"_N$layoutType":1},{"__type__":"cc.Widget","node":{"__id__":13},"_alignFlags":2,"_left":405,"_right":405,"_originalWidth":270}],"_prefab":{"__type__":"cc.PrefabInfo","root":{"__id__":1},"asset":{"__uuid__":"8cXrICsXpKKZ76tEHa7okk"},"fileId":"e5qRaW4NxHHbvXkyRuykGS"},"_contentSize":{"__type__":"cc.Size","width":270,"height":200}},{"__type__":"cc.Node","_name":"gife_coin","_parent":{"__id__":13},"_components":[{"__type__":"cc.Sprite","node":{"__id__":14},"_spriteFrame":{"__uuid__":"4bsRixOIdMc727aj6FnG8h"},"_sizeMode":0}],"_prefab":{"__type__":"cc.PrefabInfo","root":{"__id__":1},"asset":{"__uuid__":"8cXrICsXpKKZ76tEHa7okk"},"fileId":"08U50213BNX5FSXQQ8QQVk"},"_anchorPoint":{"__type__":"cc.Vec2","y":0.5},"_contentSize":{"__type__":"cc.Size","width":135,"height":135},"_scaleX":0.8,"_scaleY":0.8,"_position":{"__type__":"cc.Vec2","x":-135}},{"__type__":"cc.Node","_name":"gift_coin_count","_parent":{"__id__":13},"_components":[{"__type__":"cc.Label","node":{"__id__":15},"_useOriginalSize":false,"_actualFontSize":96,"_fontSize":96,"_lineHeight":96,"_N$file":{"__uuid__":"18hOwRDuJKNow8tiI0Utmq"},"_isSystemFontUsed":false,"_N$string":"+140","_N$horizontalAlign":2,"_N$verticalAlign":1}],"_prefab":{"__type__":"cc.PrefabInfo","root":{"__id__":1},"asset":{"__uuid__":"8cXrICsXpKKZ76tEHa7okk"},"fileId":"f8bZdrGnRGaLhfCDjxoZZx"},"_anchorPoint":{"__type__":"cc.Vec2","x":1,"y":0.5},"_contentSize":{"__type__":"cc.Size","width":203,"height":96},"_position":{"__type__":"cc.Vec2","x":203}},{"__type__":"cc.Label","node":{"__id__":17},"_useOriginalSize":false,"_actualFontSize":80,"_fontSize":80,"_lineHeight":80,"_N$file":{"__uuid__":"18hOwRDuJKNow8tiI0Utmq"},"_isSystemFontUsed":false,"_N$string":"0","_N$horizontalAlign":2,"_N$verticalAlign":1,"_N$overflow":3},{"__type__":"cc.Node","_name":"currency_label","_parent":{"__id__":18},"_components":[{"__id__":16},{"__type__":"cc.Widget","node":{"__id__":17},"_alignFlags":32,"_right":120,"_top":15,"_verticalCenter":-15}],"_prefab":{"__type__":"cc.PrefabInfo","root":{"__id__":1},"asset":{"__uuid__":"8cXrICsXpKKZ76tEHa7okk"},"fileId":"ddOGOcNRZOT79Osntv5AMv"},"_color":{"__type__":"cc.Color","r":255,"g":158},"_anchorPoint":{"__type__":"cc.Vec2","x":1,"y":0.5},"_contentSize":{"__type__":"cc.Size","width":240,"height":80},"_position":{"__type__":"cc.Vec2","x":-120,"y":25}},{"__type__":"cc.Node","_name":"currency_layout","_parent":{"__id__":1},"_children":[{"__id__":19},{"__id__":17}],"_components":[{"__type__":"cc.Widget","node":{"__id__":18},"_alignFlags":33,"_right":48,"_top":48}],"_prefab":{"__type__":"cc.PrefabInfo","root":{"__id__":1},"asset":{"__uuid__":"8cXrICsXpKKZ76tEHa7okk"},"fileId":"c3BnMke2JJ7J7/zMQv5NSy"},"_anchorPoint":{"__type__":"cc.Vec2"},"_contentSize":{"__type__":"cc.Size","height":80},"_position":{"__type__":"cc.Vec2","x":492,"y":832}},{"__type__":"cc.Node","_name":"currency","_parent":{"__id__":18},"_components":[{"__type__":"cc.Sprite","node":{"__id__":19},"_spriteFrame":{"__uuid__":"4bsRixOIdMc727aj6FnG8h"},"_sizeMode":0},{"__type__":"cc.Widget","node":{"__id__":19},"_alignFlags":33,"_right":1.5,"_top":10.5}],"_prefab":{"__type__":"cc.PrefabInfo","root":{"__id__":1},"asset":{"__uuid__":"8cXrICsXpKKZ76tEHa7okk"},"fileId":"f01lwmILdDgqhsStDXNK2Y"},"_contentSize":{"__type__":"cc.Size","width":90,"height":90},"_position":{"__type__":"cc.Vec2","x":-46.5,"y":24.5}},{"__type__":"cc.Node","_name":"knife","_parent":{"__id__":2},"_components":[{"__type__":"cc.Sprite","node":{"__id__":20},"_spriteFrame":{"__uuid__":"c3y+NgVjBFjqQJMYl6MlHA"},"_type":1}],"_prefab":{"__type__":"cc.PrefabInfo","root":{"__id__":1},"asset":{"__uuid__":"8cXrICsXpKKZ76tEHa7okk"},"fileId":"1bxIR8I5lORalu3IIvAx7q"},"_opacity":0,"_contentSize":{"__type__":"cc.Size","width":79,"height":385},"_position":{"__type__":"cc.Vec2","y":-153}},{"__type__":"cc.Node","_name":"main_logo","_parent":{"__id__":1},"_components":[{"__type__":"cc.Sprite","node":{"__id__":21},"_spriteFrame":{"__uuid__":"daO+5txIFB2Y1vVhygythf"}},{"__type__":"cc.Widget","node":{"__id__":21},"_alignFlags":16}],"_prefab":{"__type__":"cc.PrefabInfo","root":{"__id__":1},"asset":{"__uuid__":"8cXrICsXpKKZ76tEHa7okk"},"fileId":"df7GErKR1PxIY7j2n3ayG6"},"_contentSize":{"__type__":"cc.Size","width":970,"height":537},"_position":{"__type__":"cc.Vec2","y":400}},{"__type__":"cc.Node","_name":"setting_button","_parent":{"__id__":1},"_components":[{"__type__":"cc.Sprite","node":{"__id__":22},"_spriteFrame":{"__uuid__":"d8c7H4lZxALp3KA2E/ttQw"},"_type":1,"_sizeMode":0},{"__id__":23},{"__type__":"cc.Widget","node":{"__id__":22},"_alignFlags":9,"_left":48,"_top":48},{"__type__":"cc.AudioSource","node":{"__id__":22},"_clip":{"__uuid__":"87x2eSC09L07/7K+SRfWp/"},"preload":true}],"_prefab":{"__type__":"cc.PrefabInfo","root":{"__id__":1},"asset":{"__uuid__":"8cXrICsXpKKZ76tEHa7okk"},"fileId":"f6OgfmpLxI44oBSrSvtg0T"},"_contentSize":{"__type__":"cc.Size","width":90,"height":90},"_position":{"__type__":"cc.Vec2","x":-447,"y":867}},{"__type__":"cc.Button","node":{"__id__":22},"transition":3,"pressedColor":{"__type__":"cc.Color","r":255,"g":255,"b":255},"_N$normalColor":{"__type__":"cc.Color","r":255,"g":255,"b":255},"_N$disabledColor":{"__type__":"cc.Color","r":255,"g":255,"b":255},"_N$normalSprite":{"__uuid__":"f0BIwQ8D5Ml7nTNQbh1YlS"},"_N$pressedSprite":{"__uuid__":"e97GVMl6JHh5Ml5qEDdSGa"},"pressedSprite":{"__uuid__":"e97GVMl6JHh5Ml5qEDdSGa"},"_N$hoverSprite":{"__uuid__":"e97GVMl6JHh5Ml5qEDdSGa"},"hoverSprite":{"__uuid__":"e97GVMl6JHh5Ml5qEDdSGa"},"_N$disabledSprite":{"__uuid__":"29FYIk+N1GYaeWH/q1NxQO"},"_N$target":{"__id__":22}}],{"__type__":"cc.SpriteFrame","content":{"name":"knife_1","texture":"67eXY+tIVH8K32Hl3rmCfY","rect":[26,20,79,385],"offset":[0.5,-2.5],"originalSize":[130,420]}},{"__type__":"cc.SpriteFrame","content":{"name":"settings_icon","texture":"60aAd/KitHP5h6AgFJcJ30","rect":[10,12,70,67],"offset":[0,-0.5],"originalSize":[90,90]}},{"__type__":"cc.SpriteFrame","content":{"name":"main_logo","texture":"c1G3R6zcxMrYTkvX2WlqKB","rect":[55,11,970,537],"offset":[0,4],"originalSize":[1080,567]}},{"__type__":"cc.SpriteFrame","content":{"name":"default_btn_pressed","texture":"b4P/PCArtIdIH38t6mlw8Y","rect":[0,0,40,40],"offset":[0,0],"originalSize":[40,40],"capInsets":[11,11,11,7]}},{"__type__":"cc.SpriteFrame","content":{"name":"default_btn_normal","texture":"e8Ueib+qJEhL6mXAHdnwbi","rect":[0,0,40,40],"offset":[0,0],"originalSize":[40,40],"capInsets":[8,11,7,9]}}]