[{"__type__":"cc.SpriteFrame","content":{"name":"settings_bg","texture":"7firCThDJKKLDoJ0xYuuim","rect":[0,0,26,26],"offset":[0,0],"originalSize":[26,26]}},{"__type__":"cc.SpriteFrame","content":{"name":"default_btn_disabled","texture":"71VhFCTINJM6/Ky3oX9nBT","rect":[0,0,40,40],"offset":[0,0],"originalSize":[40,40],"capInsets":[15,7,15,9]}},{"__type__":"cc.SpriteFrame","content":{"name":"text_background","texture":"4f9bwoD5lJdYRiJqKzahLh","rect":[0,1,600,167],"offset":[0,0],"originalSize":[600,169]}},{"__type__":"cc.SpriteFrame","content":{"name":"coins","texture":"0eRn0uePxFY4RP26diJSk6","rect":[9,9,72,72],"offset":[0,0],"originalSize":[90,90]}},{"__type__":"cc.SpriteFrame","content":{"name":"left_back_triangle","texture":"61Iovz2mNF+pxWp7i8//PN","rect":[0,0,28,42],"offset":[0,0],"originalSize":[28,42]}},[{"__type__":"cc.Prefab","_name":"page_setting","data":{"__id__":1}},{"__type__":"cc.Node","_name":"setting_page","_children":[{"__id__":2},{"__id__":4},{"__id__":8},{"__id__":12},{"__id__":16},{"__id__":20}],"_components":[{"__type__":"cc.Widget","node":{"__id__":1},"_alignFlags":45},{"__type__":"60afbDFBeVPw5hUV9l+N55T","node":{"__id__":1},"currencyLabel":{"__id__":23},"backButton":{"__id__":19},"buttonClickAudio":{"__uuid__":"87x2eSC09L07/7K+SRfWp/"},"soundsSwitchComponent":{"__id__":7},"vibrationSwitchComponent":{"__id__":11},"leftHandSwitchComponent":{"__id__":15}},{"__type__":"cc.BlockInputEvents","node":{"__id__":1}},{"__type__":"cc.Sprite","node":{"__id__":1},"_spriteFrame":{"__uuid__":"27d1RWeNxBa5bhCyp8ZJ8f"},"_sizeMode":0}],"_prefab":{"__type__":"cc.PrefabInfo","root":{"__id__":1},"asset":{"__uuid__":"b0Kqc8VIRMur/fHsJslTqO"},"fileId":"04NI2D+rhOypc6uQrz0RCI"},"_contentSize":{"__type__":"cc.Size","width":1080,"height":1920},"_position":{"__type__":"cc.Vec2","x":540,"y":960}},{"__type__":"cc.Node","_name":"setting_label_background","_parent":{"__id__":1},"_children":[{"__id__":3}],"_components":[{"__type__":"cc.Sprite","node":{"__id__":2},"_spriteFrame":{"__uuid__":"447fe/NaNCW4hqPKsb4SP8"}},{"__type__":"cc.Widget","node":{"__id__":2},"_alignFlags":1,"_top":0.16880000000000023,"_isAbsTop":false}],"_prefab":{"__type__":"cc.PrefabInfo","root":{"__id__":1},"asset":{"__uuid__":"b0Kqc8VIRMur/fHsJslTqO"},"fileId":"9ek6ZLP05C1qKrW44kK6Pp"},"_contentSize":{"__type__":"cc.Size","width":600,"height":167},"_position":{"__type__":"cc.Vec2","x":-2.2737367544323206e-13,"y":552.4039999999995}},{"__type__":"cc.Node","_name":"setting_label","_parent":{"__id__":2},"_components":[{"__type__":"cc.Label","node":{"__id__":3},"_useOriginalSize":false,"_actualFontSize":72,"_fontSize":72,"_lineHeight":60,"_N$string":"SETTING","_N$horizontalAlign":1,"_N$verticalAlign":1},{"__type__":"cc.Widget","node":{"__id__":3},"_alignFlags":18,"_top":324}],"_prefab":{"__type__":"cc.PrefabInfo","root":{"__id__":1},"asset":{"__uuid__":"b0Kqc8VIRMur/fHsJslTqO"},"fileId":"a8K1Hy92NFXaYOgPY/MWVQ"},"_contentSize":{"__type__":"cc.Size","width":312,"height":60}},{"__type__":"cc.Node","_name":"sounds_layout","_parent":{"__id__":1},"_children":[{"__id__":5},{"__id__":6}],"_components":[{"__type__":"cc.Layout","node":{"__id__":4},"_layoutSize":{"__type__":"cc.Size","width":692.064}},{"__type__":"cc.Widget","node":{"__id__":4},"_alignFlags":41,"_left":0.16389999999999996,"_right":0.19530000000000006,"_top":0.4125,"_isAbsLeft":false,"_isAbsRight":false,"_isAbsTop":false,"_originalWidth":200}],"_prefab":{"__type__":"cc.PrefabInfo","root":{"__id__":1},"asset":{"__uuid__":"b0Kqc8VIRMur/fHsJslTqO"},"fileId":"0dF/Sdqd5Flaz4lSj52chn"},"_contentSize":{"__type__":"cc.Size","width":692.064},"_position":{"__type__":"cc.Vec2","x":-16.956000000000074,"y":168}},{"__type__":"cc.Node","_name":"sounds_label","_parent":{"__id__":4},"_components":[{"__type__":"cc.Label","node":{"__id__":5},"_useOriginalSize":false,"_actualFontSize":60,"_fontSize":60,"_lineHeight":60,"_N$string":"SOUNDS","_N$horizontalAlign":1,"_N$verticalAlign":1},{"__type__":"cc.Widget","node":{"__id__":5},"_alignFlags":10,"_top":null,"_horizontalCenter":-0.2,"_isAbsLeft":false,"_isAbsTop":false,"_isAbsHorizontalCenter":false}],"_prefab":{"__type__":"cc.PrefabInfo","root":{"__id__":1},"asset":{"__uuid__":"b0Kqc8VIRMur/fHsJslTqO"},"fileId":"d6VzVYZ4NCFZjYrlo7Sq6r"},"_anchorPoint":{"__type__":"cc.Vec2","y":0.5},"_contentSize":{"__type__":"cc.Size","width":257,"height":60},"_position":{"__type__":"cc.Vec2","x":-346.032}},{"__type__":"cc.Node","_name":"sounds_switch","_parent":{"__id__":4},"_components":[{"__type__":"cc.Sprite","node":{"__id__":6}},{"__type__":"cc.Widget","node":{"__id__":6},"_alignFlags":34},{"__id__":7}],"_prefab":{"__type__":"cc.PrefabInfo","root":{"__id__":1},"asset":{"__uuid__":"b0Kqc8VIRMur/fHsJslTqO"},"fileId":"9bqJYzptJFEInCtpFZyfbF"},"_contentSize":{"__type__":"cc.Size","width":186,"height":80},"_position":{"__type__":"cc.Vec2","x":253.03199999999998}},{"__type__":"836497h14BF+5ky5dtx+dWb","node":{"__id__":6}},{"__type__":"cc.Node","_name":"vibration_layout","_parent":{"__id__":1},"_children":[{"__id__":9},{"__id__":10}],"_components":[{"__type__":"cc.Layout","node":{"__id__":8},"_layoutSize":{"__type__":"cc.Size","width":692.064}},{"__type__":"cc.Widget","node":{"__id__":8},"_alignFlags":41,"_left":0.16390000000000002,"_right":0.1953,"_top":0.5,"_isAbsLeft":false,"_isAbsRight":false,"_isAbsTop":false,"_originalWidth":200}],"_prefab":{"__type__":"cc.PrefabInfo","root":{"__id__":1},"asset":{"__uuid__":"b0Kqc8VIRMur/fHsJslTqO"},"fileId":"44BChyRo5CzYAKWxvvJzJz"},"_color":{"__type__":"cc.Color","r":167,"g":167,"b":167},"_contentSize":{"__type__":"cc.Size","width":692.064},"_position":{"__type__":"cc.Vec2","x":-16.95599999999996}},{"__type__":"cc.Node","_name":"vibration_label","_parent":{"__id__":8},"_components":[{"__type__":"cc.Label","node":{"__id__":9},"_useOriginalSize":false,"_actualFontSize":60,"_fontSize":60,"_lineHeight":60,"_N$string":"VIBRATION","_N$horizontalAlign":1,"_N$verticalAlign":1},{"__type__":"cc.Widget","node":{"__id__":9},"_alignFlags":10,"_top":null,"_isAbsTop":false}],"_prefab":{"__type__":"cc.PrefabInfo","root":{"__id__":1},"asset":{"__uuid__":"b0Kqc8VIRMur/fHsJslTqO"},"fileId":"darSVfiX9A9qPmBLPddN36"},"_anchorPoint":{"__type__":"cc.Vec2","y":0.5},"_contentSize":{"__type__":"cc.Size","width":319,"height":60},"_position":{"__type__":"cc.Vec2","x":-346.032}},{"__type__":"cc.Node","_name":"vibration_switch","_parent":{"__id__":8},"_components":[{"__type__":"cc.Sprite","node":{"__id__":10}},{"__type__":"cc.Widget","node":{"__id__":10},"_alignFlags":34,"_top":-40},{"__id__":11}],"_prefab":{"__type__":"cc.PrefabInfo","root":{"__id__":1},"asset":{"__uuid__":"b0Kqc8VIRMur/fHsJslTqO"},"fileId":"53B7rJV51JIpuYSOHLXYJN"},"_contentSize":{"__type__":"cc.Size","width":186,"height":80},"_position":{"__type__":"cc.Vec2","x":253.03199999999998}},{"__type__":"836497h14BF+5ky5dtx+dWb","node":{"__id__":10}},{"__type__":"cc.Node","_name":"left_hand_layout","_parent":{"__id__":1},"_children":[{"__id__":13},{"__id__":14}],"_components":[{"__type__":"cc.Layout","node":{"__id__":12},"_layoutSize":{"__type__":"cc.Size","width":692.064}},{"__type__":"cc.Widget","node":{"__id__":12},"_alignFlags":41,"_left":0.16390000000000002,"_right":0.1953,"_top":0.5875,"_isAbsLeft":false,"_isAbsRight":false,"_isAbsTop":false,"_originalWidth":200}],"_prefab":{"__type__":"cc.PrefabInfo","root":{"__id__":1},"asset":{"__uuid__":"b0Kqc8VIRMur/fHsJslTqO"},"fileId":"d1k1n1ofBM9KsvH22twpW0"},"_color":{"__type__":"cc.Color","r":167,"g":167,"b":167},"_contentSize":{"__type__":"cc.Size","width":692.064},"_position":{"__type__":"cc.Vec2","x":-16.95599999999996,"y":-168}},{"__type__":"cc.Node","_name":"left_hand_label","_parent":{"__id__":12},"_components":[{"__type__":"cc.Label","node":{"__id__":13},"_useOriginalSize":false,"_actualFontSize":60,"_fontSize":60,"_lineHeight":60,"_N$string":"LEFT HAND","_N$horizontalAlign":1,"_N$verticalAlign":1},{"__type__":"cc.Widget","node":{"__id__":13},"_alignFlags":10,"_top":-10}],"_prefab":{"__type__":"cc.PrefabInfo","root":{"__id__":1},"asset":{"__uuid__":"b0Kqc8VIRMur/fHsJslTqO"},"fileId":"95RrbSMYhBOJxUDheyhJxF"},"_anchorPoint":{"__type__":"cc.Vec2","y":0.5},"_contentSize":{"__type__":"cc.Size","width":333,"height":60},"_position":{"__type__":"cc.Vec2","x":-346.032}},{"__type__":"cc.Node","_name":"left_hand_switch","_parent":{"__id__":12},"_components":[{"__type__":"cc.Sprite","node":{"__id__":14}},{"__type__":"cc.Widget","node":{"__id__":14},"_alignFlags":34,"_top":-40},{"__id__":15}],"_prefab":{"__type__":"cc.PrefabInfo","root":{"__id__":1},"asset":{"__uuid__":"b0Kqc8VIRMur/fHsJslTqO"},"fileId":"18Bb0o7spGzLV7Hu5nJneS"},"_contentSize":{"__type__":"cc.Size","width":186,"height":80},"_position":{"__type__":"cc.Vec2","x":253.03199999999998}},{"__type__":"836497h14BF+5ky5dtx+dWb","node":{"__id__":14}},{"__type__":"cc.Node","_name":"back_button","_parent":{"__id__":1},"_children":[{"__id__":17},{"__id__":18}],"_components":[{"__type__":"cc.Sprite","node":{"__id__":16},"_type":1,"_sizeMode":0},{"__id__":19},{"__type__":"cc.Widget","node":{"__id__":16},"_alignFlags":9,"_left":-10,"_top":40},{"__type__":"cc.AudioSource","node":{"__id__":16},"_clip":{"__uuid__":"87x2eSC09L07/7K+SRfWp/"},"preload":true}],"_prefab":{"__type__":"cc.PrefabInfo","root":{"__id__":1},"asset":{"__uuid__":"b0Kqc8VIRMur/fHsJslTqO"},"fileId":"77fahWhL5KR78+L/xKYr/U"},"_contentSize":{"__type__":"cc.Size","width":300,"height":80},"_position":{"__type__":"cc.Vec2","x":-400,"y":880}},{"__type__":"cc.Node","_name":"back_label","_parent":{"__id__":16},"_components":[{"__type__":"cc.Label","node":{"__id__":17},"_useOriginalSize":false,"_actualFontSize":56,"_fontSize":56,"_lineHeight":80,"_enableWrapText":false,"_N$file":{"__uuid__":"18hOwRDuJKNow8tiI0Utmq"},"_isSystemFontUsed":false,"_N$string":"BACK","_N$horizontalAlign":1,"_N$verticalAlign":1,"_N$overflow":1}],"_prefab":{"__type__":"cc.PrefabInfo","root":{"__id__":1},"asset":{"__uuid__":"b0Kqc8VIRMur/fHsJslTqO"},"fileId":"aaYxnzGj9KToiYjAFnhQ0u"},"_color":{"__type__":"cc.Color","r":255,"g":158},"_contentSize":{"__type__":"cc.Size","width":250,"height":100},"_position":{"__type__":"cc.Vec2","x":50}},{"__type__":"cc.Node","_name":"back_icon","_parent":{"__id__":16},"_components":[{"__type__":"cc.Sprite","node":{"__id__":18},"_spriteFrame":{"__uuid__":"abRAgsUjlG2qQxvPwJiR9i"}}],"_prefab":{"__type__":"cc.PrefabInfo","root":{"__id__":1},"asset":{"__uuid__":"b0Kqc8VIRMur/fHsJslTqO"},"fileId":"e65v8uNLNECIq69UbJqXj9"},"_contentSize":{"__type__":"cc.Size","width":28,"height":42},"_position":{"__type__":"cc.Vec2","x":-60}},{"__type__":"cc.Button","node":{"__id__":16},"pressedColor":{"__type__":"cc.Color","r":255,"g":255,"b":255},"_N$normalColor":{"__type__":"cc.Color","r":255,"g":255,"b":255},"_N$disabledColor":{"__type__":"cc.Color","r":255,"g":255,"b":255},"_N$pressedSprite":{"__uuid__":"e97GVMl6JHh5Ml5qEDdSGa"},"pressedSprite":{"__uuid__":"e97GVMl6JHh5Ml5qEDdSGa"},"_N$hoverSprite":{"__uuid__":"e97GVMl6JHh5Ml5qEDdSGa"},"hoverSprite":{"__uuid__":"e97GVMl6JHh5Ml5qEDdSGa"},"_N$disabledSprite":{"__uuid__":"29FYIk+N1GYaeWH/q1NxQO"},"_N$target":{"__id__":16}},{"__type__":"cc.Node","_name":"currency_layout","_parent":{"__id__":1},"_children":[{"__id__":21},{"__id__":22}],"_components":[{"__type__":"cc.Widget","node":{"__id__":20},"_alignFlags":33,"_right":75,"_top":40}],"_prefab":{"__type__":"cc.PrefabInfo","root":{"__id__":1},"asset":{"__uuid__":"b0Kqc8VIRMur/fHsJslTqO"},"fileId":"c3BnMke2JJ7J7/zMQv5NSy"},"_anchorPoint":{"__type__":"cc.Vec2"},"_contentSize":{"__type__":"cc.Size","height":80},"_position":{"__type__":"cc.Vec2","x":465,"y":840}},{"__type__":"cc.Node","_name":"currency_icon","_parent":{"__id__":20},"_components":[{"__type__":"cc.Sprite","node":{"__id__":21},"_spriteFrame":{"__uuid__":"4bsRixOIdMc727aj6FnG8h"},"_sizeMode":0},{"__type__":"cc.Widget","node":{"__id__":21},"_alignFlags":33,"_right":1.5,"_top":10.5}],"_prefab":{"__type__":"cc.PrefabInfo","root":{"__id__":1},"asset":{"__uuid__":"b0Kqc8VIRMur/fHsJslTqO"},"fileId":"f01lwmILdDgqhsStDXNK2Y"},"_contentSize":{"__type__":"cc.Size","width":90,"height":90},"_position":{"__type__":"cc.Vec2","x":-46.5,"y":24.5}},{"__type__":"cc.Node","_name":"currency_label","_parent":{"__id__":20},"_components":[{"__id__":23},{"__type__":"cc.Widget","node":{"__id__":22},"_alignFlags":32,"_right":120,"_top":15,"_verticalCenter":-15}],"_prefab":{"__type__":"cc.PrefabInfo","root":{"__id__":1},"asset":{"__uuid__":"b0Kqc8VIRMur/fHsJslTqO"},"fileId":"ddOGOcNRZOT79Osntv5AMv"},"_color":{"__type__":"cc.Color","r":255,"g":158},"_anchorPoint":{"__type__":"cc.Vec2","x":1,"y":0.5},"_contentSize":{"__type__":"cc.Size","width":240,"height":80},"_position":{"__type__":"cc.Vec2","x":-120,"y":25}},{"__type__":"cc.Label","node":{"__id__":22},"_useOriginalSize":false,"_actualFontSize":80,"_fontSize":80,"_lineHeight":80,"_N$file":{"__uuid__":"18hOwRDuJKNow8tiI0Utmq"},"_isSystemFontUsed":false,"_N$string":"0","_N$horizontalAlign":2,"_N$verticalAlign":1,"_N$overflow":3}],{"__type__":"cc.SpriteFrame","content":{"name":"default_btn_pressed","texture":"b4P/PCArtIdIH38t6mlw8Y","rect":[0,0,40,40],"offset":[0,0],"originalSize":[40,40],"capInsets":[11,11,11,7]}}]