[{"__type__":"cc.Prefab","_name":"apple_pieces","data":{"__id__":1},"optimizationPolicy":2},{"__type__":"cc.Node","_name":"apple_pieces","_children":[{"__id__":2},{"__id__":3}],"_components":[{"__type__":"a9e17vc1ZpL8J+2/iUOFo74","node":{"__id__":1},"leftAppleNode":{"__id__":2},"rightAppleNode":{"__id__":3}}],"_prefab":{"__type__":"cc.PrefabInfo","root":{"__id__":1},"asset":{"__uuid__":"8ckadHi/5KOo1Aocq8zfO6"},"fileId":"af4Pj4s3dN3rPr/hLdbP6e"},"_anchorPoint":{"__type__":"cc.Vec2","x":0.5}},{"__type__":"cc.Node","_name":"left_apple","_parent":{"__id__":1},"_components":[{"__type__":"9f1625edkBGna+t92vG0V41","node":{"__id__":2},"prefab":{"__uuid__":"07HZeZgTpAjLSLC0eoCLvD"}}],"_prefab":{"__type__":"cc.PrefabInfo","root":{"__id__":1},"asset":{"__uuid__":"8ckadHi/5KOo1Aocq8zfO6"},"fileId":"88W+j6wBpHTrBYPHPRtrwv"}},{"__type__":"cc.Node","_name":"right_apple","_parent":{"__id__":1},"_components":[{"__type__":"9f1625edkBGna+t92vG0V41","node":{"__id__":3},"prefab":{"__uuid__":"1faVpCGTFJHahPz/rHM67R"}}],"_prefab":{"__type__":"cc.PrefabInfo","root":{"__id__":1},"asset":{"__uuid__":"8ckadHi/5KOo1Aocq8zfO6"},"fileId":"39JWa06v5GmaSUiiGeW+XN"}}]