[[{"__type__":"cc.Prefab","_name":"apple_piece_2","data":{"__id__":1},"optimizationPolicy":2},{"__type__":"cc.Node","_name":"apple_piece_2","_components":[{"__type__":"cc.Sprite","node":{"__id__":1},"_spriteFrame":{"__uuid__":"9cncA23VBNx5oDYJ4vGL9z"},"_sizeMode":0}],"_prefab":{"__type__":"cc.PrefabInfo","root":{"__id__":1},"asset":{"__uuid__":"1faVpCGTFJHahPz/rHM67R"},"fileId":"8b8Nl7KZ9LLYaEB5PVEJDz"},"_anchorPoint":{"__type__":"cc.Vec2","x":0.5},"_contentSize":{"__type__":"cc.Size","width":70,"height":80}}],{"__type__":"cc.SpriteFrame","content":{"name":"apple_piece_2","texture":"e60aBkHzRGQ49T8Y5AEyae","rect":[0,3,97,114],"offset":[0,-1],"originalSize":[97,118]}}]