[{"__type__":"cc.SpriteFrame","content":{"name":"apple_1","texture":"79p0N4wURDdKR0ImYa/pn8","rect":[1,1,100,113],"offset":[0,0.5],"originalSize":[102,116]}},[{"__type__":"cc.Prefab","_name":"apple_1","data":{"__id__":1},"optimizationPolicy":2},{"__type__":"cc.Node","_name":"apple_1","_components":[{"__type__":"cc.Sprite","node":{"__id__":1},"_spriteFrame":{"__uuid__":"27ErhRvi9ExoX3cHTfbH9H"},"_sizeMode":0},{"__type__":"cc.PolygonCollider","node":{"__id__":1},"tag":3,"_offset":{"__type__":"cc.Vec2","x":-33,"y":0.4},"points":[{"__type__":"cc.Vec2","x":48,"y":61},{"__type__":"cc.Vec2","x":59,"y":70},{"__type__":"cc.Vec2","x":62,"y":82},{"__type__":"cc.Vec2","x":60,"y":94},{"__type__":"cc.Vec2","x":48,"y":90},{"__type__":"cc.Vec2","x":38,"y":83},{"__type__":"cc.Vec2","x":32,"y":70},{"__type__":"cc.Vec2","x":34,"y":60},{"__type__":"cc.Vec2","x":35,"y":52},{"__type__":"cc.Vec2","x":28,"y":64},{"__type__":"cc.Vec2","x":16,"y":67},{"__type__":"cc.Vec2","x":4,"y":60},{"__type__":"cc.Vec2","x":-6,"y":47},{"__type__":"cc.Vec2","x":-8,"y":32},{"__type__":"cc.Vec2","x":-6,"y":16},{"__type__":"cc.Vec2","x":4,"y":3},{"__type__":"cc.Vec2","x":25,"y":-2},{"__type__":"cc.Vec2","x":36,"y":-2},{"__type__":"cc.Vec2","x":47.2,"y":-1.2},{"__type__":"cc.Vec2","x":54.2},{"__type__":"cc.Vec2","x":64,"y":4},{"__type__":"cc.Vec2","x":71,"y":14},{"__type__":"cc.Vec2","x":75,"y":26},{"__type__":"cc.Vec2","x":75,"y":40},{"__type__":"cc.Vec2","x":68,"y":54},{"__type__":"cc.Vec2","x":56,"y":64},{"__type__":"cc.Vec2","x":38,"y":56}]},{"__type__":"294fcSoCXxJdo8FtIbPgkV4","node":{"__id__":1}}],"_prefab":{"__type__":"cc.PrefabInfo","root":{"__id__":1},"asset":{"__uuid__":"59l/vmRtdJerCvhkBXOcgM"},"fileId":"d7btmMH/5LfbiGzFDjXJA9"},"_anchorPoint":{"__type__":"cc.Vec2","x":0.5},"_contentSize":{"__type__":"cc.Size","width":70,"height":85},"_position":{"__type__":"cc.Vec2","x":5.6},"groupIndex":3}]]