[{"__type__":"cc.SpriteFrame","content":{"name":"default_btn_disabled","texture":"71VhFCTINJM6/Ky3oX9nBT","rect":[0,0,40,40],"offset":[0,0],"originalSize":[40,40],"capInsets":[15,7,15,9]}},{"__type__":"cc.SpriteFrame","content":{"name":"black_bg","texture":"43IiGz5FhMlZPpY9AmoE9k","rect":[0,0,1,1],"offset":[0,0],"originalSize":[1,1]}},{"__type__":"cc.SpriteFrame","content":{"name":"play_button_pressed","texture":"8ffIB2tgtC+r/jYGUyWayH","rect":[7,8,578,182],"offset":[0.5,-0.5],"originalSize":[591,197]}},{"__type__":"cc.SpriteFrame","content":{"name":"equip_button","texture":"83cEtgCn1HOa4xbpEzFeIq","rect":[8,8,574,180],"offset":[-0.5,0.5],"originalSize":[591,197]}},{"__type__":"cc.SpriteFrame","content":{"name":"tools_big","texture":"12TSIFUpRGYKpCdNodAfvG","rect":[1,1,68,68],"offset":[0,0],"originalSize":[70,70]}},{"__type__":"cc.SpriteFrame","content":{"name":"text_background","texture":"4f9bwoD5lJdYRiJqKzahLh","rect":[0,1,600,167],"offset":[0,0],"originalSize":[600,169]}},{"__type__":"cc.SpriteFrame","content":{"name":"play_button","texture":"2ce0zwF9JPObs8+JgyH9pY","rect":[7,8,578,182],"offset":[0.5,-0.5],"originalSize":[591,197]}},{"__type__":"cc.SpriteFrame","content":{"name":"coins","texture":"0eRn0uePxFY4RP26diJSk6","rect":[9,9,72,72],"offset":[0,0],"originalSize":[90,90]}},{"__type__":"cc.SpriteFrame","content":{"name":"equip_button_pressed","texture":"131au4vJJDzYGDZK2YVA4S","rect":[8,8,574,180],"offset":[-0.5,0.5],"originalSize":[591,197]}},[{"__type__":"cc.Prefab","_name":"page_done","data":{"__id__":1}},{"__type__":"cc.Node","_name":"done_page","_children":[{"__id__":2},{"__id__":3}],"_components":[{"__type__":"cc.Widget","node":{"__id__":1},"_alignFlags":45},{"__type__":"ec0de89yTNDFo4nsekwLBYw","node":{"__id__":1},"bestRecordBackground":{"__id__":46},"coinIcon":{"__id__":19},"adsOrWarehouseIcon":{"__id__":16},"currencyLabel":{"__id__":11},"stageLabel":{"__id__":41},"scoreLabel":{"__id__":39},"adsOrWarehouseLabel":{"__id__":14},"adsOrWarehouseButton":{"__id__":22},"restartButton":{"__id__":25},"settingButton":{"__id__":37},"homeButton":{"__id__":7},"shopButton":{"__id__":35},"giftButton":{"__id__":27},"adSprite":{"__id__":21}}],"_prefab":{"__type__":"cc.PrefabInfo","root":{"__id__":1},"asset":{"__uuid__":"5643SgwjlNy611pRRDCLDw"},"fileId":"04NI2D+rhOypc6uQrz0RCI"},"_contentSize":{"__type__":"cc.Size","width":1080,"height":1920},"_position":{"__type__":"cc.Vec2","x":540,"y":960}},{"__type__":"cc.Node","_name":"background","_parent":{"__id__":1},"_components":[{"__type__":"cc.Sprite","node":{"__id__":2},"_spriteFrame":{"__uuid__":"a2MjXRFdtLlYQ5ouAFv/+R"},"_sizeMode":0},{"__type__":"cc.Widget","node":{"__id__":2},"_alignFlags":45,"_originalWidth":100,"_originalHeight":100}],"_prefab":{"__type__":"cc.PrefabInfo","root":{"__id__":1},"asset":{"__uuid__":"5643SgwjlNy611pRRDCLDw"},"fileId":"42ckzqh5pKkrd0z/1mqdKY"},"_opacity":230,"_color":{"__type__":"cc.Color"},"_contentSize":{"__type__":"cc.Size","width":1080,"height":1920}},{"__type__":"cc.Node","_name":"root","_parent":{"__id__":1},"_children":[{"__id__":4},{"__id__":8},{"__id__":12},{"__id__":23},{"__id__":26},{"__id__":34},{"__id__":36},{"__id__":28},{"__id__":38},{"__id__":40},{"__id__":42},{"__id__":43},{"__id__":33},{"__id__":44}],"_components":[{"__type__":"cc.Widget","node":{"__id__":3},"_alignFlags":45,"_top":-4.547473508864641e-13,"_bottom":4.547473508864641e-13},{"__type__":"cc.Sprite","node":{"__id__":3},"_sizeMode":0}],"_prefab":{"__type__":"cc.PrefabInfo","root":{"__id__":1},"asset":{"__uuid__":"5643SgwjlNy611pRRDCLDw"},"fileId":"73StmZCQxFzqo8kvYq7gQ0"},"_contentSize":{"__type__":"cc.Size","width":1080,"height":1920},"_position":{"__type__":"cc.Vec2","y":4.547473508864641e-13}},{"__type__":"cc.Node","_name":"home_button","_parent":{"__id__":3},"_children":[{"__id__":5},{"__id__":6}],"_components":[{"__type__":"cc.Sprite","node":{"__id__":4},"_type":1,"_sizeMode":0},{"__id__":7},{"__type__":"cc.Widget","node":{"__id__":4},"_alignFlags":9,"_left":-10,"_top":40},{"__type__":"cc.AudioSource","node":{"__id__":4},"_clip":{"__uuid__":"87x2eSC09L07/7K+SRfWp/"},"preload":true}],"_prefab":{"__type__":"cc.PrefabInfo","root":{"__id__":1},"asset":{"__uuid__":"5643SgwjlNy611pRRDCLDw"},"fileId":"6anx3iA5VJIY2RSUPElAnl"},"_contentSize":{"__type__":"cc.Size","width":300,"height":80},"_position":{"__type__":"cc.Vec2","x":-400,"y":880}},{"__type__":"cc.Node","_name":"home_label","_parent":{"__id__":4},"_components":[{"__type__":"cc.Label","node":{"__id__":5},"_useOriginalSize":false,"_actualFontSize":56,"_fontSize":56,"_lineHeight":80,"_enableWrapText":false,"_N$file":{"__uuid__":"18hOwRDuJKNow8tiI0Utmq"},"_isSystemFontUsed":false,"_N$string":"HOME","_N$horizontalAlign":1,"_N$verticalAlign":1,"_N$overflow":1}],"_prefab":{"__type__":"cc.PrefabInfo","root":{"__id__":1},"asset":{"__uuid__":"5643SgwjlNy611pRRDCLDw"},"fileId":"e8InAQFRNLBoWJDGrItDxs"},"_color":{"__type__":"cc.Color","r":255,"g":158},"_contentSize":{"__type__":"cc.Size","width":250,"height":100},"_position":{"__type__":"cc.Vec2","x":50}},{"__type__":"cc.Node","_name":"triangle","_parent":{"__id__":4},"_components":[{"__type__":"cc.Sprite","node":{"__id__":6},"_spriteFrame":{"__uuid__":"abRAgsUjlG2qQxvPwJiR9i"}}],"_prefab":{"__type__":"cc.PrefabInfo","root":{"__id__":1},"asset":{"__uuid__":"5643SgwjlNy611pRRDCLDw"},"fileId":"39QXD0xHxK/I3sN3jHMPaf"},"_contentSize":{"__type__":"cc.Size","width":28,"height":42},"_position":{"__type__":"cc.Vec2","x":-60}},{"__type__":"cc.Button","node":{"__id__":4},"pressedColor":{"__type__":"cc.Color","r":255,"g":255,"b":255},"_N$normalColor":{"__type__":"cc.Color","r":255,"g":255,"b":255},"_N$disabledColor":{"__type__":"cc.Color","r":255,"g":255,"b":255},"_N$pressedSprite":{"__uuid__":"e97GVMl6JHh5Ml5qEDdSGa"},"pressedSprite":{"__uuid__":"e97GVMl6JHh5Ml5qEDdSGa"},"_N$hoverSprite":{"__uuid__":"e97GVMl6JHh5Ml5qEDdSGa"},"hoverSprite":{"__uuid__":"e97GVMl6JHh5Ml5qEDdSGa"},"_N$disabledSprite":{"__uuid__":"29FYIk+N1GYaeWH/q1NxQO"},"_N$target":{"__id__":4}},{"__type__":"cc.Node","_name":"currency_layout","_parent":{"__id__":3},"_children":[{"__id__":9},{"__id__":10}],"_components":[{"__type__":"cc.Widget","node":{"__id__":8},"_alignFlags":33,"_right":40.000000000000114,"_top":40}],"_prefab":{"__type__":"cc.PrefabInfo","root":{"__id__":1},"asset":{"__uuid__":"5643SgwjlNy611pRRDCLDw"},"fileId":"3bKCFyjUlOsoTicuNYYM3G"},"_anchorPoint":{"__type__":"cc.Vec2"},"_contentSize":{"__type__":"cc.Size","height":80},"_position":{"__type__":"cc.Vec2","x":499.9999999999999,"y":840}},{"__type__":"cc.Node","_name":"currency","_parent":{"__id__":8},"_components":[{"__type__":"cc.Sprite","node":{"__id__":9},"_spriteFrame":{"__uuid__":"4bsRixOIdMc727aj6FnG8h"}},{"__type__":"cc.Widget","node":{"__id__":9},"_alignFlags":33,"_right":10.5,"_top":19.5}],"_prefab":{"__type__":"cc.PrefabInfo","root":{"__id__":1},"asset":{"__uuid__":"5643SgwjlNy611pRRDCLDw"},"fileId":"f1dVa1XaNAT4D4w6ebAzTd"},"_contentSize":{"__type__":"cc.Size","width":72,"height":72},"_position":{"__type__":"cc.Vec2","x":-46.5,"y":24.5}},{"__type__":"cc.Node","_name":"currency_label","_parent":{"__id__":8},"_components":[{"__id__":11},{"__type__":"cc.Widget","node":{"__id__":10},"_alignFlags":34,"_right":90,"_verticalCenter":-15}],"_prefab":{"__type__":"cc.PrefabInfo","root":{"__id__":1},"asset":{"__uuid__":"5643SgwjlNy611pRRDCLDw"},"fileId":"da48VYi31NPY0Cx1Yqp8lO"},"_color":{"__type__":"cc.Color","r":255,"g":158},"_anchorPoint":{"__type__":"cc.Vec2","x":1,"y":0.5},"_contentSize":{"__type__":"cc.Size","width":240,"height":80},"_position":{"__type__":"cc.Vec2","x":-90,"y":25}},{"__type__":"cc.Label","node":{"__id__":10},"_useOriginalSize":false,"_actualFontSize":80,"_fontSize":80,"_lineHeight":80,"_N$file":{"__uuid__":"18hOwRDuJKNow8tiI0Utmq"},"_isSystemFontUsed":false,"_N$string":"0","_N$horizontalAlign":2,"_N$verticalAlign":1,"_N$overflow":3},{"__type__":"cc.Node","_name":"ad_or_knifewarehous_button","_parent":{"__id__":3},"_children":[{"__id__":13},{"__id__":15},{"__id__":17},{"__id__":20}],"_components":[{"__type__":"cc.Sprite","node":{"__id__":12},"_spriteFrame":{"__uuid__":"471SgZa4pM8JuV5UyTEgXu"},"_type":1,"_sizeMode":0},{"__id__":22},{"__type__":"cc.Widget","node":{"__id__":12},"_alignFlags":20,"_bottom":811,"_verticalCenter":-200},{"__type__":"cc.AudioSource","node":{"__id__":12},"_clip":{"__uuid__":"87x2eSC09L07/7K+SRfWp/"},"preload":true}],"_prefab":{"__type__":"cc.PrefabInfo","root":{"__id__":1},"asset":{"__uuid__":"5643SgwjlNy611pRRDCLDw"},"fileId":"78wuX47itMP6V2xMhkxWUt"},"_contentSize":{"__type__":"cc.Size","width":578,"height":182},"_position":{"__type__":"cc.Vec2","y":-58}},{"__type__":"cc.Node","_name":"ad_or_knifewarehous_label","_parent":{"__id__":12},"_components":[{"__id__":14},{"__type__":"cc.Widget","node":{"__id__":13},"_alignFlags":40,"_left":166,"_right":44,"_originalWidth":370}],"_prefab":{"__type__":"cc.PrefabInfo","root":{"__id__":1},"asset":{"__uuid__":"5643SgwjlNy611pRRDCLDw"},"fileId":"334unZqrBC9Kky5ITD0LxI"},"_contentSize":{"__type__":"cc.Size","width":368,"height":80},"_position":{"__type__":"cc.Vec2","x":61}},{"__type__":"cc.Label","node":{"__id__":13},"_useOriginalSize":false,"_actualFontSize":54,"_fontSize":54,"_lineHeight":80,"_N$file":{"__uuid__":"18hOwRDuJKNow8tiI0Utmq"},"_isSystemFontUsed":false,"_N$string":"MORE KINIVES","_N$horizontalAlign":1,"_N$verticalAlign":1},{"__type__":"cc.Node","_name":"ad_or_knifewarehous_icon","_parent":{"__id__":12},"_components":[{"__id__":16},{"__type__":"cc.Widget","node":{"__id__":15},"_alignFlags":10,"_left":50}],"_prefab":{"__type__":"cc.PrefabInfo","root":{"__id__":1},"asset":{"__uuid__":"5643SgwjlNy611pRRDCLDw"},"fileId":"a3h0RlIDdFHIjxcmeSOszX"},"_contentSize":{"__type__":"cc.Size","width":90,"height":90},"_scaleX":0.9,"_scaleY":0.9,"_position":{"__type__":"cc.Vec2","x":-198.5}},{"__type__":"cc.Sprite","node":{"__id__":15},"_spriteFrame":{"__uuid__":"67ChZOygZNS6eIwz4zcjaC"},"_sizeMode":0},{"__type__":"cc.Node","_name":"currency","_parent":{"__id__":12},"_children":[{"__id__":18}],"_components":[{"__id__":19},{"__type__":"cc.Widget","node":{"__id__":17},"_alignFlags":33,"_right":-28,"_top":-28}],"_prefab":{"__type__":"cc.PrefabInfo","root":{"__id__":1},"asset":{"__uuid__":"5643SgwjlNy611pRRDCLDw"},"fileId":"2cvSeG8ktPNoYc04JVjQQR"},"_opacity":0,"_contentSize":{"__type__":"cc.Size","width":96,"height":96},"_position":{"__type__":"cc.Vec2","x":269,"y":71}},{"__type__":"cc.Node","_name":"currency_label","_parent":{"__id__":17},"_components":[{"__type__":"cc.Label","node":{"__id__":18},"_useOriginalSize":false,"_actualFontSize":56,"_fontSize":56,"_lineHeight":56,"_N$file":{"__uuid__":"7aFpAb4yhGIbisve23IzFd"},"_isSystemFontUsed":false,"_N$string":"+ 50","_N$horizontalAlign":2,"_N$verticalAlign":1,"_N$overflow":3},{"__type__":"cc.Widget","node":{"__id__":18},"_alignFlags":33,"_left":-234,"_right":-90,"_top":-35,"_verticalCenter":-15,"_originalWidth":240}],"_prefab":{"__type__":"cc.PrefabInfo","root":{"__id__":1},"asset":{"__uuid__":"5643SgwjlNy611pRRDCLDw"},"fileId":"37ci4ilyJGGY5UAQTLvG62"},"_color":{"__type__":"cc.Color","r":255,"g":238,"b":100},"_anchorPoint":{"__type__":"cc.Vec2","x":1,"y":0.5},"_contentSize":{"__type__":"cc.Size","width":140,"height":56},"_position":{"__type__":"cc.Vec2","x":138,"y":55}},{"__type__":"cc.Sprite","node":{"__id__":17},"_spriteFrame":{"__uuid__":"4bsRixOIdMc727aj6FnG8h"},"_sizeMode":0},{"__type__":"cc.Node","_name":"ad_image","_parent":{"__id__":12},"_components":[{"__id__":21},{"__type__":"cc.Widget","node":{"__id__":20},"_alignFlags":9}],"_prefab":{"__type__":"cc.PrefabInfo","root":{"__id__":1},"asset":{"__uuid__":"5643SgwjlNy611pRRDCLDw"},"fileId":"55p2tz9JBEZrTXmyBMFGMZ"},"_contentSize":{"__type__":"cc.Size","width":93,"height":105},"_position":{"__type__":"cc.Vec2","x":-242.5,"y":38.5}},{"__type__":"cc.Sprite","node":{"__id__":20},"_spriteFrame":{"__uuid__":"6baHE+A2xFwbwMuHqQU/B3"}},{"__type__":"cc.Button","node":{"__id__":12},"transition":2,"pressedColor":{"__type__":"cc.Color","r":255,"g":255,"b":255},"_N$normalColor":{"__type__":"cc.Color","r":255,"g":255,"b":255},"_N$disabledColor":{"__type__":"cc.Color","r":255,"g":255,"b":255},"_N$normalSprite":{"__uuid__":"471SgZa4pM8JuV5UyTEgXu"},"_N$pressedSprite":{"__uuid__":"3fMgX8ughE9avj3BRlpu10"},"pressedSprite":{"__uuid__":"3fMgX8ughE9avj3BRlpu10"},"_N$hoverSprite":{"__uuid__":"471SgZa4pM8JuV5UyTEgXu"},"hoverSprite":{"__uuid__":"471SgZa4pM8JuV5UyTEgXu"},"_N$disabledSprite":{"__uuid__":"471SgZa4pM8JuV5UyTEgXu"},"_N$target":{"__id__":12}},{"__type__":"cc.Node","_name":"restart_button","_parent":{"__id__":3},"_children":[{"__id__":24}],"_components":[{"__type__":"cc.Sprite","node":{"__id__":23},"_spriteFrame":{"__uuid__":"40TmHVWd1KVbKSZiJ0BRIx"},"_type":1,"_sizeMode":0},{"__id__":25},{"__type__":"cc.Widget","node":{"__id__":23},"_alignFlags":20,"_bottom":571,"_verticalCenter":-500},{"__type__":"cc.AudioSource","node":{"__id__":23},"_clip":{"__uuid__":"87x2eSC09L07/7K+SRfWp/"},"preload":true}],"_prefab":{"__type__":"cc.PrefabInfo","root":{"__id__":1},"asset":{"__uuid__":"5643SgwjlNy611pRRDCLDw"},"fileId":"1fRX9btXlE05D6Nx+q8lXY"},"_contentSize":{"__type__":"cc.Size","width":578,"height":182},"_position":{"__type__":"cc.Vec2","y":-298}},{"__type__":"cc.Node","_name":"restart_label","_parent":{"__id__":23},"_components":[{"__type__":"cc.Label","node":{"__id__":24},"_useOriginalSize":false,"_actualFontSize":60,"_fontSize":60,"_lineHeight":60,"_N$file":{"__uuid__":"18hOwRDuJKNow8tiI0Utmq"},"_isSystemFontUsed":false,"_N$string":"RESTART","_N$horizontalAlign":1,"_N$verticalAlign":1}],"_prefab":{"__type__":"cc.PrefabInfo","root":{"__id__":1},"asset":{"__uuid__":"5643SgwjlNy611pRRDCLDw"},"fileId":"80jzlPOzNNhInJ+YkpZdDs"},"_contentSize":{"__type__":"cc.Size","width":253,"height":60}},{"__type__":"cc.Button","node":{"__id__":23},"transition":2,"pressedColor":{"__type__":"cc.Color","r":255,"g":255,"b":255},"_N$normalColor":{"__type__":"cc.Color","r":255,"g":255,"b":255},"_N$disabledColor":{"__type__":"cc.Color","r":255,"g":255,"b":255},"_N$normalSprite":{"__uuid__":"40TmHVWd1KVbKSZiJ0BRIx"},"_N$pressedSprite":{"__uuid__":"55ZTPln5JPkrkYMW/DgfOF"},"pressedSprite":{"__uuid__":"55ZTPln5JPkrkYMW/DgfOF"},"_N$hoverSprite":{"__uuid__":"40TmHVWd1KVbKSZiJ0BRIx"},"hoverSprite":{"__uuid__":"40TmHVWd1KVbKSZiJ0BRIx"},"_N$disabledSprite":{"__uuid__":"40TmHVWd1KVbKSZiJ0BRIx"},"_N$target":{"__id__":23}},{"__type__":"cc.Node","_name":"gift_button","_parent":{"__id__":3},"_components":[{"__type__":"cc.Sprite","node":{"__id__":26},"_spriteFrame":{"__uuid__":"8azw85U9FDFqKGe5WDMFbS"},"_type":1,"_sizeMode":0},{"__id__":27},{"__type__":"cc.Widget","node":{"__id__":26},"_alignFlags":36,"_right":139,"_bottom":261},{"__type__":"bb633EdaAJEwaGL8zdkySw5","node":{"__id__":26},"giftMask":{"__id__":28},"applePartsPrefab":{"__uuid__":"8ckadHi/5KOo1Aocq8zfO6"},"timerLabel":{"__id__":32},"currencyLabel":{"__id__":11},"giftOpenAudio":{"__uuid__":"65K2zesmRKVpw7dzalBcsV"}}],"_prefab":{"__type__":"cc.PrefabInfo","root":{"__id__":1},"asset":{"__uuid__":"5643SgwjlNy611pRRDCLDw"},"fileId":"0depOSlChDx7am9XnPtz1B"},"_contentSize":{"__type__":"cc.Size","width":100,"height":100},"_position":{"__type__":"cc.Vec2","x":351,"y":-649}},{"__type__":"cc.Button","node":{"__id__":26},"transition":3,"pressedColor":{"__type__":"cc.Color","r":255,"g":255,"b":255},"_N$normalColor":{"__type__":"cc.Color","r":255,"g":255,"b":255},"_N$disabledColor":{"__type__":"cc.Color","r":255,"g":255,"b":255},"_N$normalSprite":{"__uuid__":"8azw85U9FDFqKGe5WDMFbS"},"_N$pressedSprite":{"__uuid__":"e97GVMl6JHh5Ml5qEDdSGa"},"pressedSprite":{"__uuid__":"e97GVMl6JHh5Ml5qEDdSGa"},"_N$hoverSprite":{"__uuid__":"e97GVMl6JHh5Ml5qEDdSGa"},"hoverSprite":{"__uuid__":"e97GVMl6JHh5Ml5qEDdSGa"},"_N$disabledSprite":{"__uuid__":"29FYIk+N1GYaeWH/q1NxQO"},"_N$target":{"__id__":26}},{"__type__":"cc.Node","_name":"gift_mask","_parent":{"__id__":3},"_children":[{"__id__":29}],"_components":[{"__type__":"cc.Sprite","node":{"__id__":28},"_spriteFrame":{"__uuid__":"31ICq0AWdC95XopxybfgWf"},"_type":3,"_sizeMode":0,"_fillType":2,"_fillRange":1},{"__type__":"cc.Widget","node":{"__id__":28},"_alignFlags":40,"_originalWidth":1080}],"_prefab":{"__type__":"cc.PrefabInfo","root":{"__id__":1},"asset":{"__uuid__":"5643SgwjlNy611pRRDCLDw"},"fileId":"95OV/V4RhLwLcfnV9K/vuS"},"_opacity":0,"_contentSize":{"__type__":"cc.Size","width":1080,"height":1920}},{"__type__":"cc.Node","_name":"gift_coin_count_container","_parent":{"__id__":28},"_children":[{"__id__":30},{"__id__":31}],"_components":[{"__type__":"cc.Layout","node":{"__id__":29},"_layoutSize":{"__type__":"cc.Size","width":270,"height":200},"_resize":2,"_N$layoutType":1},{"__type__":"cc.Widget","node":{"__id__":29},"_alignFlags":2,"_left":405,"_right":405,"_originalWidth":270}],"_prefab":{"__type__":"cc.PrefabInfo","root":{"__id__":1},"asset":{"__uuid__":"5643SgwjlNy611pRRDCLDw"},"fileId":"b9xofvHVlGdqTNE/ZhC+K+"},"_contentSize":{"__type__":"cc.Size","width":270,"height":200}},{"__type__":"cc.Node","_name":"gift_coin_count","_parent":{"__id__":29},"_components":[{"__type__":"cc.Label","node":{"__id__":30},"_useOriginalSize":false,"_actualFontSize":80,"_fontSize":80,"_lineHeight":80,"_N$file":{"__uuid__":"18hOwRDuJKNow8tiI0Utmq"},"_isSystemFontUsed":false,"_N$string":"+140","_N$horizontalAlign":2,"_N$verticalAlign":1}],"_prefab":{"__type__":"cc.PrefabInfo","root":{"__id__":1},"asset":{"__uuid__":"5643SgwjlNy611pRRDCLDw"},"fileId":"ebxCx1CupLTrRYwVXeWR7m"},"_anchorPoint":{"__type__":"cc.Vec2","x":1,"y":0.5},"_contentSize":{"__type__":"cc.Size","width":169,"height":80},"_position":{"__type__":"cc.Vec2","x":34}},{"__type__":"cc.Node","_name":"gift_coin","_parent":{"__id__":29},"_components":[{"__type__":"cc.Sprite","node":{"__id__":31},"_spriteFrame":{"__uuid__":"4bsRixOIdMc727aj6FnG8h"},"_sizeMode":0}],"_prefab":{"__type__":"cc.PrefabInfo","root":{"__id__":1},"asset":{"__uuid__":"5643SgwjlNy611pRRDCLDw"},"fileId":"6bkcbLBARApIcpgF16GY6G"},"_anchorPoint":{"__type__":"cc.Vec2","y":0.5},"_contentSize":{"__type__":"cc.Size","width":135,"height":135},"_scaleX":0.8,"_scaleY":0.8,"_position":{"__type__":"cc.Vec2","x":34}},{"__type__":"cc.Label","node":{"__id__":33},"_useOriginalSize":false,"_actualFontSize":42,"_fontSize":42,"_lineHeight":42,"_N$file":{"__uuid__":"18hOwRDuJKNow8tiI0Utmq"},"_isSystemFontUsed":false,"_N$string":"SETTING","_N$horizontalAlign":1,"_N$verticalAlign":1},{"__type__":"cc.Node","_name":"gift_label","_parent":{"__id__":3},"_components":[{"__id__":32},{"__type__":"cc.Widget","node":{"__id__":33},"_alignFlags":36,"_right":114,"_bottom":137}],"_prefab":{"__type__":"cc.PrefabInfo","root":{"__id__":1},"asset":{"__uuid__":"5643SgwjlNy611pRRDCLDw"},"fileId":"2adZMJSlVO27WVmGH4kK+P"},"_opacity":178,"_contentSize":{"__type__":"cc.Size","width":167,"height":42},"_position":{"__type__":"cc.Vec2","x":342.5,"y":-802}},{"__type__":"cc.Node","_name":"shop_button","_parent":{"__id__":3},"_components":[{"__type__":"cc.Sprite","node":{"__id__":34},"_spriteFrame":{"__uuid__":"40zCsHQhtPz4YhiHvWWM7+"},"_type":1,"_sizeMode":0},{"__id__":35},{"__type__":"cc.Widget","node":{"__id__":34},"_alignFlags":20,"_left":590,"_right":390,"_bottom":206,"_originalWidth":100},{"__type__":"cc.AudioSource","node":{"__id__":34},"_clip":{"__uuid__":"87x2eSC09L07/7K+SRfWp/"},"preload":true}],"_prefab":{"__type__":"cc.PrefabInfo","root":{"__id__":1},"asset":{"__uuid__":"5643SgwjlNy611pRRDCLDw"},"fileId":"5dWTRZ+J5JzruaobLufJoH"},"_contentSize":{"__type__":"cc.Size","width":210,"height":210},"_position":{"__type__":"cc.Vec2","y":-649}},{"__type__":"cc.Button","node":{"__id__":34},"transition":3,"pressedColor":{"__type__":"cc.Color","r":255,"g":255,"b":255},"_N$normalColor":{"__type__":"cc.Color","r":255,"g":255,"b":255},"_N$disabledColor":{"__type__":"cc.Color","r":255,"g":255,"b":255},"_N$normalSprite":{"__uuid__":"8azw85U9FDFqKGe5WDMFbS"},"_N$pressedSprite":{"__uuid__":"e97GVMl6JHh5Ml5qEDdSGa"},"pressedSprite":{"__uuid__":"e97GVMl6JHh5Ml5qEDdSGa"},"_N$hoverSprite":{"__uuid__":"e97GVMl6JHh5Ml5qEDdSGa"},"hoverSprite":{"__uuid__":"e97GVMl6JHh5Ml5qEDdSGa"},"_N$disabledSprite":{"__uuid__":"29FYIk+N1GYaeWH/q1NxQO"},"_N$target":{"__id__":34}},{"__type__":"cc.Node","_name":"setting_button","_parent":{"__id__":3},"_components":[{"__type__":"cc.Sprite","node":{"__id__":36},"_spriteFrame":{"__uuid__":"d8c7H4lZxALp3KA2E/ttQw"},"_type":1,"_sizeMode":0},{"__id__":37},{"__type__":"cc.Widget","node":{"__id__":36},"_alignFlags":12,"_left":139,"_top":1720,"_bottom":271},{"__type__":"cc.AudioSource","node":{"__id__":36},"_clip":{"__uuid__":"87x2eSC09L07/7K+SRfWp/"},"preload":true}],"_prefab":{"__type__":"cc.PrefabInfo","root":{"__id__":1},"asset":{"__uuid__":"5643SgwjlNy611pRRDCLDw"},"fileId":"e3peK8VFhOV7sJcx5/80z8"},"_contentSize":{"__type__":"cc.Size","width":80,"height":80},"_position":{"__type__":"cc.Vec2","x":-361,"y":-649}},{"__type__":"cc.Button","node":{"__id__":36},"transition":3,"pressedColor":{"__type__":"cc.Color","r":255,"g":255,"b":255},"_N$normalColor":{"__type__":"cc.Color","r":255,"g":255,"b":255},"_N$disabledColor":{"__type__":"cc.Color","r":255,"g":255,"b":255},"_N$normalSprite":{"__uuid__":"f0BIwQ8D5Ml7nTNQbh1YlS"},"_N$pressedSprite":{"__uuid__":"e97GVMl6JHh5Ml5qEDdSGa"},"pressedSprite":{"__uuid__":"e97GVMl6JHh5Ml5qEDdSGa"},"_N$hoverSprite":{"__uuid__":"e97GVMl6JHh5Ml5qEDdSGa"},"hoverSprite":{"__uuid__":"e97GVMl6JHh5Ml5qEDdSGa"},"_N$disabledSprite":{"__uuid__":"29FYIk+N1GYaeWH/q1NxQO"},"_N$target":{"__id__":36}},{"__type__":"cc.Node","_name":"score_label","_parent":{"__id__":3},"_components":[{"__id__":39},{"__type__":"cc.Widget","node":{"__id__":38},"_alignFlags":17,"_left":480,"_right":480,"_top":341,"_verticalCenter":5,"_originalWidth":120}],"_prefab":{"__type__":"cc.PrefabInfo","root":{"__id__":1},"asset":{"__uuid__":"5643SgwjlNy611pRRDCLDw"},"fileId":"eamNNtWLZHC4/kMh3WYkA+"},"_color":{"__type__":"cc.Color","r":243,"g":241,"b":90},"_contentSize":{"__type__":"cc.Size","width":360,"height":200},"_position":{"__type__":"cc.Vec2","y":519}},{"__type__":"cc.Label","node":{"__id__":38},"_useOriginalSize":false,"_actualFontSize":200,"_fontSize":200,"_lineHeight":200,"_N$file":{"__uuid__":"7aFpAb4yhGIbisve23IzFd"},"_isSystemFontUsed":false,"_N$string":"","_N$horizontalAlign":1,"_N$verticalAlign":1,"_N$overflow":3},{"__type__":"cc.Node","_name":"stage_label","_parent":{"__id__":3},"_components":[{"__id__":41},{"__type__":"cc.Widget","node":{"__id__":40},"_alignFlags":17,"_top":227}],"_prefab":{"__type__":"cc.PrefabInfo","root":{"__id__":1},"asset":{"__uuid__":"5643SgwjlNy611pRRDCLDw"},"fileId":"4aF7CrQr5MKrsFZ7NOdGfq"},"_color":{"__type__":"cc.Color","r":240,"g":167,"b":60},"_contentSize":{"__type__":"cc.Size","width":232,"height":64},"_position":{"__type__":"cc.Vec2","y":701}},{"__type__":"cc.Label","node":{"__id__":40},"_useOriginalSize":false,"_actualFontSize":64,"_fontSize":64,"_lineHeight":64,"_N$file":{"__uuid__":"18hOwRDuJKNow8tiI0Utmq"},"_isSystemFontUsed":false,"_N$string":"STAGE 1","_N$horizontalAlign":1,"_N$verticalAlign":1},{"__type__":"cc.Node","_name":"setting_label","_parent":{"__id__":3},"_components":[{"__type__":"cc.Label","node":{"__id__":42},"_useOriginalSize":false,"_actualFontSize":42,"_fontSize":42,"_lineHeight":42,"_N$file":{"__uuid__":"18hOwRDuJKNow8tiI0Utmq"},"_isSystemFontUsed":false,"_N$string":"SETTING","_N$horizontalAlign":1,"_N$verticalAlign":1},{"__type__":"cc.Widget","node":{"__id__":42},"_alignFlags":12,"_left":104,"_bottom":137}],"_prefab":{"__type__":"cc.PrefabInfo","root":{"__id__":1},"asset":{"__uuid__":"5643SgwjlNy611pRRDCLDw"},"fileId":"65rKrMmTZKlrTPx9VvCqTF"},"_opacity":178,"_contentSize":{"__type__":"cc.Size","width":167,"height":42},"_position":{"__type__":"cc.Vec2","x":-352.5,"y":-802}},{"__type__":"cc.Node","_name":"store_label","_parent":{"__id__":3},"_components":[{"__type__":"cc.Label","node":{"__id__":43},"_useOriginalSize":false,"_actualFontSize":42,"_fontSize":42,"_lineHeight":42,"_N$file":{"__uuid__":"18hOwRDuJKNow8tiI0Utmq"},"_isSystemFontUsed":false,"_N$string":"STORE","_N$horizontalAlign":1,"_N$verticalAlign":1},{"__type__":"cc.Widget","node":{"__id__":43},"_alignFlags":4,"_bottom":137}],"_prefab":{"__type__":"cc.PrefabInfo","root":{"__id__":1},"asset":{"__uuid__":"5643SgwjlNy611pRRDCLDw"},"fileId":"c9OUkbtPVLiKJawLLhvSDu"},"_opacity":178,"_contentSize":{"__type__":"cc.Size","width":130,"height":42},"_position":{"__type__":"cc.Vec2","y":-802}},{"__type__":"cc.Node","_name":"best_record","_parent":{"__id__":3},"_children":[{"__id__":45}],"_components":[{"__id__":46},{"__type__":"cc.Widget","node":{"__id__":44},"_alignFlags":1,"_top":605}],"_prefab":{"__type__":"cc.PrefabInfo","root":{"__id__":1},"asset":{"__uuid__":"5643SgwjlNy611pRRDCLDw"},"fileId":"46sqq5y6FIu6Fn7AlHGD4c"},"_opacity":0,"_contentSize":{"__type__":"cc.Size","width":600,"height":166},"_position":{"__type__":"cc.Vec2","y":272}},{"__type__":"cc.Node","_name":"best_record_label","_parent":{"__id__":44},"_components":[{"__type__":"cc.Label","node":{"__id__":45},"_useOriginalSize":false,"_actualFontSize":72,"_fontSize":72,"_lineHeight":72,"_N$file":{"__uuid__":"18hOwRDuJKNow8tiI0Utmq"},"_isSystemFontUsed":false,"_N$string":"BEST RECORD","_N$horizontalAlign":1,"_N$verticalAlign":1,"_N$overflow":3},{"__type__":"cc.Widget","node":{"__id__":45},"_alignFlags":17,"_left":480,"_right":480,"_top":47,"_verticalCenter":5,"_originalWidth":120}],"_prefab":{"__type__":"cc.PrefabInfo","root":{"__id__":1},"asset":{"__uuid__":"5643SgwjlNy611pRRDCLDw"},"fileId":"42inQrfz9By573G+s522Dc"},"_color":{"__type__":"cc.Color","r":243,"g":241,"b":90},"_contentSize":{"__type__":"cc.Size","width":600,"height":72}},{"__type__":"cc.Sprite","node":{"__id__":44},"_spriteFrame":{"__uuid__":"447fe/NaNCW4hqPKsb4SP8"},"_sizeMode":0}],{"__type__":"cc.SpriteFrame","content":{"name":"knives","texture":"91lt3ViDVFTJSbNBXJN5pf","rect":[1,1,28,29],"offset":[0,-0.5],"originalSize":[30,30]}},{"__type__":"cc.SpriteFrame","content":{"name":"ad","texture":"b8E9o7jxtHJLttXUp/aTwV","rect":[0,0,93,105],"offset":[-1.5,37.5],"originalSize":[96,180]}},{"__type__":"cc.SpriteFrame","content":{"name":"gift","texture":"c8hPhpk3xG1o2YPYlZt5Wm","rect":[10,10,70,70],"offset":[0,0],"originalSize":[90,90]}},{"__type__":"cc.SpriteFrame","content":{"name":"default_sprite_splash","texture":"02delMVqdBD70a/HSD99FK","rect":[0,0,2,2],"offset":[0,0],"originalSize":[2,2]}},{"__type__":"cc.SpriteFrame","content":{"name":"left_back_triangle","texture":"61Iovz2mNF+pxWp7i8//PN","rect":[0,0,28,42],"offset":[0,0],"originalSize":[28,42]}},{"__type__":"cc.SpriteFrame","content":{"name":"settings_icon","texture":"60aAd/KitHP5h6AgFJcJ30","rect":[10,12,70,67],"offset":[0,-0.5],"originalSize":[90,90]}},{"__type__":"cc.SpriteFrame","content":{"name":"default_btn_pressed","texture":"b4P/PCArtIdIH38t6mlw8Y","rect":[0,0,40,40],"offset":[0,0],"originalSize":[40,40],"capInsets":[11,11,11,7]}},{"__type__":"cc.SpriteFrame","content":{"name":"default_btn_normal","texture":"e8Ueib+qJEhL6mXAHdnwbi","rect":[0,0,40,40],"offset":[0,0],"originalSize":[40,40],"capInsets":[8,11,7,9]}}]