[{"__type__":"cc.SceneAsset","_name":"game_scene","scene":{"__id__":1},"asyncLoadAssets":null},{"__type__":"cc.Scene","_name":"New Node","_children":[{"__id__":2},{"__id__":3}],"_anchorPoint":{"__type__":"cc.Vec2"},"autoReleaseAssets":false},{"__type__":"cc.Node","_name":"Canvas","_parent":{"__id__":1},"_components":[{"__type__":"cc.Canvas","node":{"__id__":2},"_designResolution":{"__type__":"cc.Size","width":1080,"height":1920}}],"_id":"2b0HoGX+NM7IZ9mnPNVgqh","_contentSize":{"__type__":"cc.Size","width":1080,"height":1920},"_position":{"__type__":"cc.Vec2","x":540,"y":960}},{"__type__":"cc.Node","_name":"App","_parent":{"__id__":1},"_components":[{"__type__":"ee851Ut0m1Fy45xbYJKsVw5","node":{"__id__":3},"mainPagePrefab":{"__uuid__":"8cXrICsXpKKZ76tEHa7okk"},"playStagePrefab":{"__uuid__":"05Hsrk+ENEsKJSjHF8s8QW"},"warehousePagePrefab":{"__uuid__":"eeDYaXjZhGtb53ov9v/Byz"},"continuePagePrefab":{"__uuid__":"c2D71OZQdKi6XpfgXSqrZY"},"donePagePrefab":{"__uuid__":"5643SgwjlNy611pRRDCLDw"},"settingPagePrefabe":{"__uuid__":"b0Kqc8VIRMur/fHsJslTqO"},"canvasNode":{"__id__":2}}],"_id":"34Sdo6OrpGs6GS3mvLXV/B"}]