[[{"__type__":"cc.Prefab","_name":"page_play","data":{"__id__":1},"optimizationPolicy":2},{"__type__":"cc.Node","_name":"play_stage_page","_children":[{"__id__":2},{"__id__":3},{"__id__":4},{"__id__":7},{"__id__":8},{"__id__":10},{"__id__":14},{"__id__":18},{"__id__":20},{"__id__":24},{"__id__":25},{"__id__":38}],"_components":[{"__type__":"cc.Widget","node":{"__id__":1},"_alignFlags":45},{"__type__":"8fcc32PdKZEwpjuVPMMJ4zL","node":{"__id__":1},"boardContainerNode":{"__id__":4},"boardNode":{"__id__":5},"backgroundNode":{"__id__":2},"remainedKnifesLayoutNode":{"__id__":3},"stageProgressBarLayoutNode":{"__id__":24},"knifeShowAnimNode":{"__id__":14},"rewardCoinShowAnimNode":{"__id__":20},"rewardCoinLabel":{"__id__":23},"rewardDialogNode":{"__id__":25},"rewardDialogBackgroundNode":{"__id__":27},"sparkNode":{"__id__":7},"rewardKnifeNode":{"__id__":33},"giftMask":{"__id__":38},"boardPartsPrefab":{"__uuid__":"0dQQ7+845LlZVzGmyka5GD"},"knifePrefab":{"__uuid__":"e4eDtQ42ZBJ77e9Br6tPxa"},"applePrefab":{"__uuid__":"59l/vmRtdJerCvhkBXOcgM"},"applePartsPrefab":{"__uuid__":"8ckadHi/5KOo1Aocq8zfO6"},"currencyLabel":{"__id__":13},"scoreLabel":{"__id__":19},"stageLabel":{"__id__":9},"bossNameLabel":{"__id__":31},"equipButton":{"__id__":37},"rewardDialogCloseButton":{"__id__":29},"knifeThrowAudio":{"__uuid__":"46L4UCFKtHwYGHhCJoAuYV"},"hitNormalBoardAudio":{"__uuid__":"c7+98bZUtBx4gz5kjZTuGe"},"hitAppleAudio":{"__uuid__":"2feFNEfVBHaoTDSYJsWKCP"},"boardBreakAudio":{"__uuid__":"346NqlyGRGoYFTkceizHq+"},"bossBoardBreakAudio":{"__uuid__":"94SWktobRDcLSuSnp9215J"},"bossAppearAudio":{"__uuid__":"dc80mRsclBNYbyzIMbHATD"},"bossDefeatedAudio":{"__uuid__":"27VD6V1cJCqq4Sy2WmP6PO"},"getKnifeAudio":{"__uuid__":"65K2zesmRKVpw7dzalBcsV"}}],"_prefab":{"__type__":"cc.PrefabInfo","root":{"__id__":1},"asset":{"__uuid__":"05Hsrk+ENEsKJSjHF8s8QW"},"fileId":"04NI2D+rhOypc6uQrz0RCI"},"_contentSize":{"__type__":"cc.Size","width":1080,"height":1920},"_position":{"__type__":"cc.Vec2","x":540,"y":960}},{"__type__":"cc.Node","_name":"background","_parent":{"__id__":1},"_components":[{"__type__":"cc.Widget","node":{"__id__":2},"_alignFlags":45,"_top":-4.547473508864641e-13,"_bottom":4.547473508864641e-13},{"__type__":"cc.Sprite","node":{"__id__":2},"_spriteFrame":{"__uuid__":"7fwfRNLmpF5YGfF7ABEYIM"},"_sizeMode":0}],"_prefab":{"__type__":"cc.PrefabInfo","root":{"__id__":1},"asset":{"__uuid__":"05Hsrk+ENEsKJSjHF8s8QW"},"fileId":"73StmZCQxFzqo8kvYq7gQ0"},"_contentSize":{"__type__":"cc.Size","width":1080,"height":1920},"_position":{"__type__":"cc.Vec2","y":4.547473508864641e-13}},{"__type__":"cc.Node","_name":"remained_knifes_layout","_parent":{"__id__":1},"_components":[{"__type__":"cc.Sprite","node":{"__id__":3},"_enabled":false,"_spriteFrame":{"__uuid__":"9bvaMerUlDyary99mJa6xp"},"_type":1,"_sizeMode":0},{"__type__":"cc.Layout","node":{"__id__":3},"_layoutSize":{"__type__":"cc.Size","width":100,"height":745},"_resize":1,"_N$layoutType":2,"_N$spacingY":3},{"__type__":"cc.Widget","node":{"__id__":3},"_alignFlags":12,"_left":48,"_right":932,"_bottom":200,"_originalWidth":100},{"__type__":"65fedKGy6pD35dLayapixjo","node":{"__id__":3}}],"_prefab":{"__type__":"cc.PrefabInfo","root":{"__id__":1},"asset":{"__uuid__":"05Hsrk+ENEsKJSjHF8s8QW"},"fileId":"b62Z6r51JMG4oTpWsXOYqE"},"_color":{"__type__":"cc.Color","r":167,"g":167,"b":167},"_anchorPoint":{"__type__":"cc.Vec2","x":0.5},"_contentSize":{"__type__":"cc.Size","width":100,"height":745},"_position":{"__type__":"cc.Vec2","x":-442,"y":-760}},{"__type__":"cc.Node","_name":"board_container","_parent":{"__id__":1},"_children":[{"__id__":5},{"__id__":6}],"_components":[{"__type__":"6e3ab8lYZ5JBrPmggoHxJtw","node":{"__id__":4}}],"_prefab":{"__type__":"cc.PrefabInfo","root":{"__id__":1},"asset":{"__uuid__":"05Hsrk+ENEsKJSjHF8s8QW"},"fileId":"04oCMOtwdPqbAIkt4uWOsW"},"_opacity":0,"_position":{"__type__":"cc.Vec2","y":316}},{"__type__":"cc.Node","_name":"board","_parent":{"__id__":4},"_components":[{"__type__":"cc.Sprite","node":{"__id__":5},"_spriteFrame":{"__uuid__":"af8BHIStdO25WCpGChSt17"},"_sizeMode":0}],"_prefab":{"__type__":"cc.PrefabInfo","root":{"__id__":1},"asset":{"__uuid__":"05Hsrk+ENEsKJSjHF8s8QW"},"fileId":"50t1y4HgBJfrcq5Z/cAlSe"},"_contentSize":{"__type__":"cc.Size","width":540,"height":540},"_position":{"__type__":"cc.Vec2","x":-4.547473508864641e-13}},{"__type__":"cc.Node","_name":"white_board","_parent":{"__id__":4},"_components":[{"__type__":"cc.Sprite","node":{"__id__":6},"_spriteFrame":{"__uuid__":"3a0vOuGPJPcJ0jjm8K84Cb"},"_sizeMode":0}],"_prefab":{"__type__":"cc.PrefabInfo","root":{"__id__":1},"asset":{"__uuid__":"05Hsrk+ENEsKJSjHF8s8QW"},"fileId":"c68xsNp4dMj5qKjEiQR3Az"},"_opacity":0,"_contentSize":{"__type__":"cc.Size","width":540,"height":540}},{"__type__":"cc.Node","_name":"spark","_parent":{"__id__":1},"_components":[{"__type__":"cc.ParticleSystem","node":{"__id__":7},"_file":{"__uuid__":"1awTQnSVZCEKuLluLLhLNa"},"_texture":{"__uuid__":"02delMVqdBD70a/HSD99FK"},"playOnLoad":false,"_totalParticles":571,"_duration":0.3,"_emissionRate":679.7619047619048,"_life":0.84,"_lifeVar":0.4,"_startColor":{"__type__":"cc.Color","r":204,"g":153,"b":51},"_startColorVar":{"__type__":"cc.Color","b":51,"a":25},"_endColor":{"__type__":"cc.Color"},"_angle":-92,"_angleVar":50,"_startSize":4,"_endSize":6,"_startSpin":158,"_startSpinVar":129,"_endSpin":-486,"_posVar":{"__type__":"cc.Vec2","x":15,"y":-20},"_gravity":{"__type__":"cc.Vec2","x":55,"y":-1280},"_speed":250,"_speedVar":5,"_tangentialAccel":0}],"_prefab":{"__type__":"cc.PrefabInfo","root":{"__id__":1},"asset":{"__uuid__":"05Hsrk+ENEsKJSjHF8s8QW"},"fileId":"6eN7RD6wNHZoMyNfTBXvK0"},"_position":{"__type__":"cc.Vec2","y":46}},{"__type__":"cc.Node","_name":"stage_title","_parent":{"__id__":1},"_components":[{"__id__":9}],"_prefab":{"__type__":"cc.PrefabInfo","root":{"__id__":1},"asset":{"__uuid__":"05Hsrk+ENEsKJSjHF8s8QW"},"fileId":"12kzdqYHtFUbfrGp1v0qnR"},"_opacity":150,"_contentSize":{"__type__":"cc.Size","width":217,"height":60},"_position":{"__type__":"cc.Vec2","y":790}},{"__type__":"cc.Label","node":{"__id__":8},"_useOriginalSize":false,"_actualFontSize":60,"_fontSize":60,"_lineHeight":60,"_N$file":{"__uuid__":"18hOwRDuJKNow8tiI0Utmq"},"_isSystemFontUsed":false,"_N$string":"STAGE 1","_N$horizontalAlign":1,"_N$verticalAlign":1},{"__type__":"cc.Node","_name":"currency_layout","_parent":{"__id__":1},"_children":[{"__id__":11},{"__id__":12}],"_components":[{"__type__":"cc.Widget","node":{"__id__":10},"_alignFlags":33,"_right":48,"_top":48},{"__type__":"cc.BlockInputEvents","node":{"__id__":10}}],"_prefab":{"__type__":"cc.PrefabInfo","root":{"__id__":1},"asset":{"__uuid__":"05Hsrk+ENEsKJSjHF8s8QW"},"fileId":"014/F7GrZFRrH/0XW6NBO6"},"_anchorPoint":{"__type__":"cc.Vec2"},"_contentSize":{"__type__":"cc.Size","height":80},"_position":{"__type__":"cc.Vec2","x":492,"y":832}},{"__type__":"cc.Node","_name":"currency","_parent":{"__id__":10},"_components":[{"__type__":"cc.Sprite","node":{"__id__":11},"_spriteFrame":{"__uuid__":"4bsRixOIdMc727aj6FnG8h"},"_sizeMode":0},{"__type__":"cc.Widget","node":{"__id__":11},"_alignFlags":34,"_right":1.75,"_top":10.5},{"__type__":"cc.BlockInputEvents","node":{"__id__":11}}],"_prefab":{"__type__":"cc.PrefabInfo","root":{"__id__":1},"asset":{"__uuid__":"05Hsrk+ENEsKJSjHF8s8QW"},"fileId":"2cYObotbRHUKifI0yu0fw3"},"_contentSize":{"__type__":"cc.Size","width":90,"height":90},"_position":{"__type__":"cc.Vec2","x":-46.75,"y":40}},{"__type__":"cc.Node","_name":"currency_label","_parent":{"__id__":10},"_components":[{"__id__":13},{"__type__":"cc.Widget","node":{"__id__":12},"_alignFlags":32,"_right":120,"_verticalCenter":5},{"__type__":"cc.BlockInputEvents","node":{"__id__":12}}],"_prefab":{"__type__":"cc.PrefabInfo","root":{"__id__":1},"asset":{"__uuid__":"05Hsrk+ENEsKJSjHF8s8QW"},"fileId":"78eT6eRqFKZIiG0XdxIWig"},"_color":{"__type__":"cc.Color","r":255,"g":158},"_anchorPoint":{"__type__":"cc.Vec2","x":1,"y":0.5},"_contentSize":{"__type__":"cc.Size","width":240,"height":80},"_position":{"__type__":"cc.Vec2","x":-120,"y":45}},{"__type__":"cc.Label","node":{"__id__":12},"_useOriginalSize":false,"_actualFontSize":80,"_fontSize":80,"_lineHeight":80,"_N$file":{"__uuid__":"18hOwRDuJKNow8tiI0Utmq"},"_isSystemFontUsed":false,"_N$string":"0","_N$horizontalAlign":2,"_N$verticalAlign":1,"_N$overflow":3},{"__type__":"cc.Node","_name":"knife_show_anim","_parent":{"__id__":1},"_children":[{"__id__":15},{"__id__":16},{"__id__":17}],"_prefab":{"__type__":"cc.PrefabInfo","root":{"__id__":1},"asset":{"__uuid__":"05Hsrk+ENEsKJSjHF8s8QW"},"fileId":"7ay6njugdDX5DoTtyzqKPl"}},{"__type__":"cc.Node","_name":"knife_show_background","_parent":{"__id__":14},"_components":[{"__type__":"cc.Sprite","node":{"__id__":15},"_spriteFrame":{"__uuid__":"91rvUMTz9JKYD3cE5EkqeP"}},{"__type__":"cc.Animation","node":{"__id__":15},"_defaultClip":{"__uuid__":"47UEbAhtlOoq3Z43DBofbs"},"_clips":[{"__uuid__":"47UEbAhtlOoq3Z43DBofbs"}]}],"_prefab":{"__type__":"cc.PrefabInfo","root":{"__id__":1},"asset":{"__uuid__":"05Hsrk+ENEsKJSjHF8s8QW"},"fileId":"545splmYpJ3arZUfYRUYI+"},"_opacity":0,"_contentSize":{"__type__":"cc.Size","width":994,"height":994},"_position":{"__type__":"cc.Vec2","y":1.1368683772161603e-13}},{"__type__":"cc.Node","_name":"knife_show","_parent":{"__id__":14},"_components":[{"__type__":"cc.Sprite","node":{"__id__":16},"_spriteFrame":{"__uuid__":"0fdpySAKFGYbT8MzKpvAoM"}},{"__type__":"cc.Animation","node":{"__id__":16},"_defaultClip":{"__uuid__":"7ajkps8P1P+5SmT4LLXqN+"},"_clips":[{"__uuid__":"7ajkps8P1P+5SmT4LLXqN+"}]}],"_prefab":{"__type__":"cc.PrefabInfo","root":{"__id__":1},"asset":{"__uuid__":"05Hsrk+ENEsKJSjHF8s8QW"},"fileId":"cfABIFyVtE5Kg1XyxIABPE"},"_opacity":0,"_contentSize":{"__type__":"cc.Size","width":341,"height":324}},{"__type__":"cc.Node","_name":"boss_fight_label","_parent":{"__id__":14},"_components":[{"__type__":"cc.Label","node":{"__id__":17},"_useOriginalSize":false,"_actualFontSize":80,"_fontSize":80,"_lineHeight":80,"_N$file":{"__uuid__":"7aFpAb4yhGIbisve23IzFd"},"_isSystemFontUsed":false,"_N$string":"BOSS FIGHT!","_N$horizontalAlign":1,"_N$verticalAlign":1},{"__type__":"cc.Animation","node":{"__id__":17},"_defaultClip":{"__uuid__":"1eOsYGws9I1IgBhCP6Kdv8"},"_clips":[{"__uuid__":"1eOsYGws9I1IgBhCP6Kdv8"}]}],"_prefab":{"__type__":"cc.PrefabInfo","root":{"__id__":1},"asset":{"__uuid__":"05Hsrk+ENEsKJSjHF8s8QW"},"fileId":"91yyqGgVZEWrnxRgjzLMvL"},"_opacity":0,"_color":{"__type__":"cc.Color","r":245,"g":245,"b":245},"_contentSize":{"__type__":"cc.Size","width":476,"height":80},"_position":{"__type__":"cc.Vec2","y":420}},{"__type__":"cc.Node","_name":"score_label","_parent":{"__id__":1},"_components":[{"__id__":19},{"__type__":"cc.Widget","node":{"__id__":18},"_alignFlags":9,"_left":48,"_right":885,"_top":48,"_verticalCenter":5,"_originalWidth":120},{"__type__":"cc.BlockInputEvents","node":{"__id__":18}}],"_prefab":{"__type__":"cc.PrefabInfo","root":{"__id__":1},"asset":{"__uuid__":"05Hsrk+ENEsKJSjHF8s8QW"},"fileId":"9foMxX7KZC954EDUMLpmaC"},"_color":{"__type__":"cc.Color","r":255,"g":158},"_anchorPoint":{"__type__":"cc.Vec2","y":0.5},"_contentSize":{"__type__":"cc.Size","width":240,"height":80},"_position":{"__type__":"cc.Vec2","x":-492,"y":872}},{"__type__":"cc.Label","node":{"__id__":18},"_useOriginalSize":false,"_actualFontSize":80,"_fontSize":80,"_lineHeight":80,"_N$file":{"__uuid__":"18hOwRDuJKNow8tiI0Utmq"},"_isSystemFontUsed":false,"_N$string":"0","_N$verticalAlign":1,"_N$overflow":3},{"__type__":"cc.Node","_name":"reward_coin_show_anim","_parent":{"__id__":1},"_children":[{"__id__":21}],"_prefab":{"__type__":"cc.PrefabInfo","root":{"__id__":1},"asset":{"__uuid__":"05Hsrk+ENEsKJSjHF8s8QW"},"fileId":"4fZ5x76W9DHJmjVg489ZCo"}},{"__type__":"cc.Node","_name":"reward_coin_count_container","_parent":{"__id__":20},"_children":[{"__id__":22},{"__id__":23}],"_components":[{"__type__":"cc.Layout","node":{"__id__":21},"_layoutSize":{"__type__":"cc.Size","width":270,"height":200},"_resize":2,"_N$layoutType":1},{"__type__":"cc.Widget","node":{"__id__":21},"_enabled":false,"_alignFlags":2,"_left":405,"_right":405,"_verticalCenter":511,"_originalWidth":270},{"__type__":"cc.Animation","node":{"__id__":21},"_defaultClip":{"__uuid__":"1eOsYGws9I1IgBhCP6Kdv8"},"_clips":[{"__uuid__":"1eOsYGws9I1IgBhCP6Kdv8"}]}],"_prefab":{"__type__":"cc.PrefabInfo","root":{"__id__":1},"asset":{"__uuid__":"05Hsrk+ENEsKJSjHF8s8QW"},"fileId":"40soGaI+lPeauhX+V5ra2Z"},"_opacity":0,"_contentSize":{"__type__":"cc.Size","width":270,"height":200}},{"__type__":"cc.Node","_name":"reward_coin","_parent":{"__id__":21},"_components":[{"__type__":"cc.Sprite","node":{"__id__":22},"_spriteFrame":{"__uuid__":"4bsRixOIdMc727aj6FnG8h"},"_sizeMode":0,"_isTrimmedMode":false}],"_prefab":{"__type__":"cc.PrefabInfo","root":{"__id__":1},"asset":{"__uuid__":"05Hsrk+ENEsKJSjHF8s8QW"},"fileId":"1edPAZ1YxGJZiap4X+Yqys"},"_anchorPoint":{"__type__":"cc.Vec2","y":0.5},"_contentSize":{"__type__":"cc.Size","width":135,"height":135},"_scaleX":0.8,"_scaleY":0.8,"_position":{"__type__":"cc.Vec2","x":-135}},{"__type__":"cc.Node","_name":"reward_coin_count","_parent":{"__id__":21},"_components":[{"__type__":"cc.Label","node":{"__id__":23},"_useOriginalSize":false,"_actualFontSize":96,"_fontSize":96,"_lineHeight":96,"_N$file":{"__uuid__":"18hOwRDuJKNow8tiI0Utmq"},"_isSystemFontUsed":false,"_N$string":"+140","_N$horizontalAlign":2,"_N$verticalAlign":1}],"_prefab":{"__type__":"cc.PrefabInfo","root":{"__id__":1},"asset":{"__uuid__":"05Hsrk+ENEsKJSjHF8s8QW"},"fileId":"9bYaKsZvRH/4OGZ6H6FLq4"},"_anchorPoint":{"__type__":"cc.Vec2","x":1,"y":0.5},"_contentSize":{"__type__":"cc.Size","width":203,"height":96},"_position":{"__type__":"cc.Vec2","x":203}},{"__type__":"cc.Node","_name":"stage_progressbar_layout","_parent":{"__id__":1},"_components":[{"__type__":"cc.Layout","node":{"__id__":24},"_layoutSize":{"__type__":"cc.Size","width":800,"height":50},"_resize":1,"_N$layoutType":1,"_N$spacingX":20,"_N$spacingY":3},{"__type__":"cc.Widget","node":{"__id__":24},"_alignFlags":21,"_left":127.99999999999977,"_right":568,"_top":50,"_bottom":1820},{"__type__":"374a9r2QzlDgpgamW2Qqx5Z","node":{"__id__":24}}],"_prefab":{"__type__":"cc.PrefabInfo","root":{"__id__":1},"asset":{"__uuid__":"05Hsrk+ENEsKJSjHF8s8QW"},"fileId":"49h4cGb25EGqIjwhRdiJ//"},"_color":{"__type__":"cc.Color","r":167,"g":167,"b":167},"_anchorPoint":{"__type__":"cc.Vec2","x":0.5},"_contentSize":{"__type__":"cc.Size","width":800,"height":50},"_position":{"__type__":"cc.Vec2","y":860}},{"__type__":"cc.Node","_name":"reward_dialog","_parent":{"__id__":1},"_children":[{"__id__":26},{"__id__":27}],"_components":[{"__type__":"cc.Widget","node":{"__id__":25},"_alignFlags":40,"_originalWidth":1080},{"__type__":"cc.BlockInputEvents","node":{"__id__":25},"_enabled":false}],"_prefab":{"__type__":"cc.PrefabInfo","root":{"__id__":1},"asset":{"__uuid__":"05Hsrk+ENEsKJSjHF8s8QW"},"fileId":"32lTB0hVlCV4+dlPWHopdi"},"_opacity":0,"_color":{"__type__":"cc.Color"},"_contentSize":{"__type__":"cc.Size","width":1080,"height":1920}},{"__type__":"cc.Node","_name":"reward_dialog_mask","_parent":{"__id__":25},"_components":[{"__type__":"cc.Sprite","node":{"__id__":26},"_spriteFrame":{"__uuid__":"31ICq0AWdC95XopxybfgWf"},"_sizeMode":0},{"__type__":"cc.Widget","node":{"__id__":26},"_target":{"__id__":25},"_alignFlags":40,"_originalWidth":1080}],"_prefab":{"__type__":"cc.PrefabInfo","root":{"__id__":1},"asset":{"__uuid__":"05Hsrk+ENEsKJSjHF8s8QW"},"fileId":"90lzOcVXtIF504Otzx7gpb"},"_opacity":200,"_contentSize":{"__type__":"cc.Size","width":1080,"height":1920}},{"__type__":"cc.Node","_name":"reward_dialog_background","_parent":{"__id__":25},"_children":[{"__id__":28},{"__id__":30},{"__id__":32},{"__id__":33},{"__id__":34},{"__id__":35}],"_components":[{"__type__":"cc.Sprite","node":{"__id__":27},"_spriteFrame":{"__uuid__":"9bojrtwkxF0a2IlpPo+hFb"}},{"__type__":"cc.Widget","node":{"__id__":27},"_alignFlags":40,"_left":93.5,"_right":93.5,"_originalWidth":893}],"_prefab":{"__type__":"cc.PrefabInfo","root":{"__id__":1},"asset":{"__uuid__":"05Hsrk+ENEsKJSjHF8s8QW"},"fileId":"03P/Yp025AS4apMaxV78EZ"},"_contentSize":{"__type__":"cc.Size","width":893,"height":1068}},{"__type__":"cc.Node","_name":"dialog_close_button","_parent":{"__id__":27},"_components":[{"__type__":"cc.Sprite","node":{"__id__":28},"_spriteFrame":{"__uuid__":"072oQD/f1IRJDbTyJ+iJVw"},"_type":1,"_sizeMode":0},{"__id__":29},{"__type__":"cc.Widget","node":{"__id__":28},"_alignFlags":33,"_right":-40,"_top":-40},{"__type__":"cc.AudioSource","node":{"__id__":28},"_clip":{"__uuid__":"87x2eSC09L07/7K+SRfWp/"},"preload":true}],"_prefab":{"__type__":"cc.PrefabInfo","root":{"__id__":1},"asset":{"__uuid__":"05Hsrk+ENEsKJSjHF8s8QW"},"fileId":"198xtfQWpAK48djw++cu1z"},"_contentSize":{"__type__":"cc.Size","width":100,"height":100},"_position":{"__type__":"cc.Vec2","x":436.5,"y":524}},{"__type__":"cc.Button","node":{"__id__":28},"transition":3,"pressedColor":{"__type__":"cc.Color","r":255,"g":255,"b":255},"_N$normalColor":{"__type__":"cc.Color","r":255,"g":255,"b":255},"_N$disabledColor":{"__type__":"cc.Color","r":255,"g":255,"b":255},"_N$normalSprite":{"__uuid__":"072oQD/f1IRJDbTyJ+iJVw"},"_N$pressedSprite":{"__uuid__":"e97GVMl6JHh5Ml5qEDdSGa"},"pressedSprite":{"__uuid__":"e97GVMl6JHh5Ml5qEDdSGa"},"_N$hoverSprite":{"__uuid__":"e97GVMl6JHh5Ml5qEDdSGa"},"hoverSprite":{"__uuid__":"e97GVMl6JHh5Ml5qEDdSGa"},"_N$disabledSprite":{"__uuid__":"29FYIk+N1GYaeWH/q1NxQO"},"_N$target":{"__id__":28}},{"__type__":"cc.Node","_name":"boss_name_label","_parent":{"__id__":27},"_components":[{"__id__":31}],"_prefab":{"__type__":"cc.PrefabInfo","root":{"__id__":1},"asset":{"__uuid__":"05Hsrk+ENEsKJSjHF8s8QW"},"fileId":"3b0cKxxr9EDpPPL5YWVCiq"},"_color":{"__type__":"cc.Color","r":49,"g":240},"_contentSize":{"__type__":"cc.Size","width":336,"height":60},"_position":{"__type__":"cc.Vec2","y":443}},{"__type__":"cc.Label","node":{"__id__":30},"_useOriginalSize":false,"_actualFontSize":60,"_fontSize":60,"_lineHeight":60,"_N$file":{"__uuid__":"18hOwRDuJKNow8tiI0Utmq"},"_isSystemFontUsed":false,"_N$string":"SUSHI ROLL","_N$horizontalAlign":1,"_N$verticalAlign":1},{"__type__":"cc.Node","_name":"defeated_label","_parent":{"__id__":27},"_components":[{"__type__":"cc.Label","node":{"__id__":32},"_useOriginalSize":false,"_actualFontSize":60,"_fontSize":60,"_lineHeight":60,"_N$file":{"__uuid__":"18hOwRDuJKNow8tiI0Utmq"},"_isSystemFontUsed":false,"_N$string":"DEFEATED!","_N$horizontalAlign":1,"_N$verticalAlign":1}],"_prefab":{"__type__":"cc.PrefabInfo","root":{"__id__":1},"asset":{"__uuid__":"05Hsrk+ENEsKJSjHF8s8QW"},"fileId":"fek4PAFm1PlJ9HR99j7iVK"},"_color":{"__type__":"cc.Color","r":49,"g":240},"_contentSize":{"__type__":"cc.Size","width":311,"height":60},"_position":{"__type__":"cc.Vec2","y":351}},{"__type__":"cc.Node","_name":"reward_knife","_parent":{"__id__":27},"_components":[{"__type__":"cc.Sprite","node":{"__id__":33},"_spriteFrame":{"__uuid__":"ebIz8SJhpPkq9R22M+kqZk"},"_sizeMode":0}],"_prefab":{"__type__":"cc.PrefabInfo","root":{"__id__":1},"asset":{"__uuid__":"05Hsrk+ENEsKJSjHF8s8QW"},"fileId":"a6TvZqkzpM0apsPaBop6rq"},"_contentSize":{"__type__":"cc.Size","width":100,"height":385},"_rotationX":210,"_rotationY":210,"_position":{"__type__":"cc.Vec2","y":80}},{"__type__":"cc.Node","_name":"knife_unlock_label","_parent":{"__id__":27},"_components":[{"__type__":"cc.Label","node":{"__id__":34},"_useOriginalSize":false,"_actualFontSize":60,"_fontSize":60,"_lineHeight":60,"_N$file":{"__uuid__":"18hOwRDuJKNow8tiI0Utmq"},"_isSystemFontUsed":false,"_N$string":"BOSS KNIFE UNLOCKED!","_N$horizontalAlign":1,"_N$verticalAlign":1}],"_prefab":{"__type__":"cc.PrefabInfo","root":{"__id__":1},"asset":{"__uuid__":"05Hsrk+ENEsKJSjHF8s8QW"},"fileId":"dbcuitOGNGnamRP3x8gX17"},"_color":{"__type__":"cc.Color","r":255,"g":251},"_contentSize":{"__type__":"cc.Size","width":681,"height":60},"_position":{"__type__":"cc.Vec2","y":-200}},{"__type__":"cc.Node","_name":"equip_button","_parent":{"__id__":27},"_children":[{"__id__":36}],"_components":[{"__type__":"cc.Sprite","node":{"__id__":35},"_spriteFrame":{"__uuid__":"40TmHVWd1KVbKSZiJ0BRIx"},"_type":1,"_sizeMode":0},{"__id__":37},{"__type__":"cc.AudioSource","node":{"__id__":35},"_clip":{"__uuid__":"87x2eSC09L07/7K+SRfWp/"},"preload":true}],"_prefab":{"__type__":"cc.PrefabInfo","root":{"__id__":1},"asset":{"__uuid__":"05Hsrk+ENEsKJSjHF8s8QW"},"fileId":"f615RSiptAIYG/PCGin/5G"},"_contentSize":{"__type__":"cc.Size","width":591,"height":197},"_position":{"__type__":"cc.Vec2","y":-401}},{"__type__":"cc.Node","_name":"equip_label","_parent":{"__id__":35},"_components":[{"__type__":"cc.Label","node":{"__id__":36},"_useOriginalSize":false,"_actualFontSize":90,"_fontSize":90,"_lineHeight":90,"_enableWrapText":false,"_N$file":{"__uuid__":"18hOwRDuJKNow8tiI0Utmq"},"_isSystemFontUsed":false,"_N$string":"EQUIP","_N$horizontalAlign":1,"_N$verticalAlign":1,"_N$overflow":1}],"_prefab":{"__type__":"cc.PrefabInfo","root":{"__id__":1},"asset":{"__uuid__":"05Hsrk+ENEsKJSjHF8s8QW"},"fileId":"48PuGuuyFFALBiSe48LfA3"},"_contentSize":{"__type__":"cc.Size","width":400,"height":90}},{"__type__":"cc.Button","node":{"__id__":35},"transition":2,"pressedColor":{"__type__":"cc.Color","r":255,"g":255,"b":255},"_N$normalColor":{"__type__":"cc.Color","r":255,"g":255,"b":255},"_N$disabledColor":{"__type__":"cc.Color","r":255,"g":255,"b":255},"_N$normalSprite":{"__uuid__":"40TmHVWd1KVbKSZiJ0BRIx"},"_N$pressedSprite":{"__uuid__":"55ZTPln5JPkrkYMW/DgfOF"},"pressedSprite":{"__uuid__":"55ZTPln5JPkrkYMW/DgfOF"},"_N$hoverSprite":{"__uuid__":"40TmHVWd1KVbKSZiJ0BRIx"},"hoverSprite":{"__uuid__":"40TmHVWd1KVbKSZiJ0BRIx"},"_N$disabledSprite":{"__uuid__":"40TmHVWd1KVbKSZiJ0BRIx"},"_N$target":{"__id__":35}},{"__type__":"cc.Node","_name":"gift_mask","_parent":{"__id__":1},"_children":[{"__id__":39},{"__id__":42}],"_components":[{"__type__":"cc.Sprite","node":{"__id__":38},"_spriteFrame":{"__uuid__":"775RSh+7RMXpYZ4jwODiDX"},"_type":3,"_sizeMode":0,"_fillType":2,"_fillRange":1},{"__type__":"cc.Widget","node":{"__id__":38},"_alignFlags":40,"_originalWidth":1080}],"_prefab":{"__type__":"cc.PrefabInfo","root":{"__id__":1},"asset":{"__uuid__":"05Hsrk+ENEsKJSjHF8s8QW"},"fileId":"98IOFQv8FPfJYh4R6js7dN"},"_opacity":0,"_contentSize":{"__type__":"cc.Size","width":1080,"height":1920}},{"__type__":"cc.Node","_name":"gift_coin_count_container","_parent":{"__id__":38},"_children":[{"__id__":40},{"__id__":41}],"_components":[{"__type__":"cc.Layout","node":{"__id__":39},"_layoutSize":{"__type__":"cc.Size","width":310,"height":200},"_resize":2,"_N$layoutType":1},{"__type__":"cc.Widget","node":{"__id__":39},"_alignFlags":18,"_left":405,"_right":405,"_originalWidth":270}],"_prefab":{"__type__":"cc.PrefabInfo","root":{"__id__":1},"asset":{"__uuid__":"05Hsrk+ENEsKJSjHF8s8QW"},"fileId":"b3c1HvWbVM1ahaeFWW6x/W"},"_contentSize":{"__type__":"cc.Size","width":310,"height":200}},{"__type__":"cc.Node","_name":"gife_coin","_parent":{"__id__":39},"_components":[{"__type__":"cc.Sprite","node":{"__id__":40},"_spriteFrame":{"__uuid__":"4bsRixOIdMc727aj6FnG8h"},"_sizeMode":0},{"__type__":"cc.Widget","node":{"__id__":40},"_alignFlags":8}],"_prefab":{"__type__":"cc.PrefabInfo","root":{"__id__":1},"asset":{"__uuid__":"05Hsrk+ENEsKJSjHF8s8QW"},"fileId":"b5uQacKyxOBI84JnBWW97K"},"_anchorPoint":{"__type__":"cc.Vec2","y":0.5},"_contentSize":{"__type__":"cc.Size","width":155,"height":150},"_scaleX":0.8,"_scaleY":0.8,"_position":{"__type__":"cc.Vec2","x":-155}},{"__type__":"cc.Node","_name":"gift_coin_count","_parent":{"__id__":39},"_components":[{"__type__":"cc.Label","node":{"__id__":41},"_useOriginalSize":false,"_actualFontSize":96,"_fontSize":96,"_lineHeight":96,"_N$file":{"__uuid__":"18hOwRDuJKNow8tiI0Utmq"},"_isSystemFontUsed":false,"_N$string":"+140","_N$horizontalAlign":2,"_N$verticalAlign":1},{"__type__":"cc.Widget","node":{"__id__":41},"_alignFlags":32,"_right":-48}],"_prefab":{"__type__":"cc.PrefabInfo","root":{"__id__":1},"asset":{"__uuid__":"05Hsrk+ENEsKJSjHF8s8QW"},"fileId":"3aK0E10xxCaJQEIFW/CMC2"},"_anchorPoint":{"__type__":"cc.Vec2","x":1,"y":0.5},"_contentSize":{"__type__":"cc.Size","width":203,"height":96},"_position":{"__type__":"cc.Vec2","x":203}},{"__type__":"cc.Node","_name":"win_label","_parent":{"__id__":38},"_components":[{"__type__":"cc.Label","node":{"__id__":42},"_useOriginalSize":false,"_actualFontSize":150,"_fontSize":150,"_lineHeight":150,"_N$file":{"__uuid__":"19dqYL89JLA60nzfB10JEk"},"_isSystemFontUsed":false,"_N$string":"YOU WIN !!","_N$horizontalAlign":1,"_N$verticalAlign":1}],"_prefab":{"__type__":"cc.PrefabInfo","root":{"__id__":1},"asset":{"__uuid__":"05Hsrk+ENEsKJSjHF8s8QW"},"fileId":"94HfS3GQpBHJLD2U2EgitS"},"_color":{"__type__":"cc.Color","r":241,"g":232,"b":11},"_contentSize":{"__type__":"cc.Size","width":760,"height":150},"_position":{"__type__":"cc.Vec2","y":346}}],{"__type__":"cc.SpriteFrame","content":{"name":"icon_close","texture":"09gU+8eVBHbJwKNPgzHiNi","rect":[18,12,144,154],"offset":[0,1],"originalSize":[180,180]}},{"__type__":"cc.SpriteFrame","content":{"name":"knife_show_boss","texture":"adjxJDnE5HhpSY5q6EJWQg","rect":[27,30,341,324],"offset":[0,0],"originalSize":[395,384]}},{"__type__":"cc.TTFFont","_name":"MikadoBlack","_native":"MikadoBlack.ttf"},{"__type__":"cc.ParticleAsset","_name":"spark","_native":".plist"},{"__type__":"cc.AnimationClip","_name":"boss_text_show_anim","_duration":1.3333333333333333,"curveData":{"props":{"opacity":[{"frame":0,"value":0},{"frame":0.5,"value":255},{"frame":1,"value":255},{"frame":1.3333333333333333,"value":0}]}}},{"__type__":"cc.AudioClip","_name":"boss_defeated","_native":".mp3"},{"__type__":"cc.SpriteFrame","content":{"name":"default_btn_disabled","texture":"71VhFCTINJM6/Ky3oX9nBT","rect":[0,0,40,40],"offset":[0,0],"originalSize":[40,40],"capInsets":[15,7,15,9]}},{"__type__":"cc.AudioClip","_name":"hit_apple","_native":".mp3"},{"__type__":"cc.SpriteFrame","content":{"name":"black_bg","texture":"43IiGz5FhMlZPpY9AmoE9k","rect":[0,0,1,1],"offset":[0,0],"originalSize":[1,1]}},{"__type__":"cc.AudioClip","_name":"wood_break","_native":".mp3"},{"__type__":"cc.SpriteFrame","content":{"name":"board_white","texture":"3fv8VfxLxPE49pfCki7xRA","rect":[0,0,566,565],"offset":[0,0.5],"originalSize":[566,566]}},{"__type__":"cc.SpriteFrame","content":{"name":"equip_button","texture":"83cEtgCn1HOa4xbpEzFeIq","rect":[8,8,574,180],"offset":[-0.5,0.5],"originalSize":[591,197]}},{"__type__":"cc.AudioClip","_name":"throw","_native":".mp3"},{"__type__":"cc.AnimationClip","_name":"knife_show_background_anim","_duration":1.3333333333333333,"curveData":{"props":{"opacity":[{"frame":0,"value":0},{"frame":0.08333333333333333,"value":255},{"frame":1,"value":255},{"frame":1.3333333333333333,"value":0}],"rotation":[{"frame":0.08333333333333333,"value":0},{"frame":0.4166666666666667,"value":45},{"frame":0.8333333333333334,"value":90},{"frame":1,"value":112.5},{"frame":1.3333333333333333,"value":157.5}]}}},{"__type__":"cc.SpriteFrame","content":{"name":"coins","texture":"0eRn0uePxFY4RP26diJSk6","rect":[9,9,72,72],"offset":[0,0],"originalSize":[90,90]}},{"__type__":"cc.SpriteFrame","content":{"name":"equip_button_pressed","texture":"131au4vJJDzYGDZK2YVA4S","rect":[8,8,574,180],"offset":[-0.5,0.5],"originalSize":[591,197]}},{"__type__":"cc.SpriteFrame","content":{"name":"mask_bg","texture":"64n1NumZBDl6ISftU9DJAU","rect":[0,0,1,1],"offset":[0,0],"originalSize":[1,1]}},{"__type__":"cc.AnimationClip","_name":"knife_show_anim","_duration":1.3333333333333333,"curveData":{"props":{"opacity":[{"frame":0,"value":0},{"frame":0.6666666666666666,"value":255},{"frame":1,"value":255},{"frame":1.3333333333333333,"value":0}]}}},{"__type__":"cc.SpriteFrame","content":{"name":"main_background","texture":"b9lt2eh59BnIJKPsEQJu6d","rect":[0,0,1080,1920],"offset":[0,0],"originalSize":[1080,1920]}},{"__type__":"cc.SpriteFrame","content":{"name":"knife_show_boss_bg","texture":"65NL/Ews5HbZJfAgXd3n2F","rect":[0,0,994,994],"offset":[0,0],"originalSize":[994,994]}},{"__type__":"cc.AudioClip","_name":"boss_break","_native":".mp3"},{"__type__":"cc.SpriteFrame","content":{"name":"reward_dialog_bg","texture":"0fYXbO8CBLeoqxGLFTc667","rect":[0,0,893,1068],"offset":[0,0],"originalSize":[893,1068]}},{"__type__":"cc.SpriteFrame","content":{"name":"default_panel","texture":"d8HsitJHxOYqo801xBk8ev","rect":[0,0,20,20],"offset":[0,0],"originalSize":[20,20],"capInsets":[4,3,4,3]}},{"__type__":"cc.SpriteFrame","content":{"name":"board_2","texture":"019nKS9gtBnoHcXgxaD7Yt","rect":[5,11,533,521],"offset":[1.5,-1.5],"originalSize":[540,540]}},{"__type__":"cc.AudioClip","_name":"hit_normal_wood","_native":".mp3"},{"__type__":"cc.AudioClip","_name":"boss_appear","_native":".mp3"},{"__type__":"cc.SpriteFrame","content":{"name":"default_btn_pressed","texture":"b4P/PCArtIdIH38t6mlw8Y","rect":[0,0,40,40],"offset":[0,0],"originalSize":[40,40],"capInsets":[11,11,11,7]}},{"__type__":"cc.SpriteFrame","content":{"name":"knife_19","texture":"6bV3bW9mRPV45b82VPngKF","rect":[20,12,92,393],"offset":[1,1.5],"originalSize":[130,420]}}]