[[{"__type__":"cc.Prefab","_name":"board_piece_2","data":{"__id__":1},"optimizationPolicy":2},{"__type__":"cc.Node","_name":"board_piece_2","_components":[{"__type__":"cc.Sprite","node":{"__id__":1},"_spriteFrame":{"__uuid__":"c1Vp9KZvZHPY/MTuZsxiF8"}}],"_prefab":{"__type__":"cc.PrefabInfo","root":{"__id__":1},"asset":{"__uuid__":"42vWr/dABEr4ugN0LGNkWL"},"fileId":"2dd+xSWl1CMLrs8Y/pmtk8"},"_anchorPoint":{"__type__":"cc.Vec2","x":0.5},"_contentSize":{"__type__":"cc.Size","width":536,"height":306}}],{"__type__":"cc.SpriteFrame","content":{"name":"board_piece_2","texture":"d3OimsU9ZKe6H3p2tXkMyg","rect":[1,2,424,242],"offset":[-0.5,2.5],"originalSize":[427,251]}}]