[{"__type__":"cc.SpriteFrame","content":{"name":"icon_close","texture":"09gU+8eVBHbJwKNPgzHiNi","rect":[18,12,144,154],"offset":[0,1],"originalSize":[180,180]}},{"__type__":"cc.SpriteFrame","content":{"name":"default_btn_disabled","texture":"71VhFCTINJM6/Ky3oX9nBT","rect":[0,0,40,40],"offset":[0,0],"originalSize":[40,40],"capInsets":[15,7,15,9]}},[{"__type__":"cc.Prefab","_name":"dialog_reward","data":{"__id__":1}},{"__type__":"cc.Node","_name":"dialog_reward","_children":[{"__id__":2},{"__id__":3}],"_components":[{"__type__":"cc.Widget","node":{"__id__":1},"_alignFlags":45},{"__type__":"cc96fAm6TVKULIyVNZcrchR","node":{"__id__":1},"rewardKnifeSprite":{"__id__":9},"equipButton":{"__id__":12},"closeButton":{"__id__":7}}],"_prefab":{"__type__":"cc.PrefabInfo","root":{"__id__":1},"asset":{"__uuid__":"2dH3GwKNFE9o+3oT8NbaAo"},"fileId":"04NI2D+rhOypc6uQrz0RCI"},"_contentSize":{"__type__":"cc.Size","width":1080,"height":1920},"_position":{"__type__":"cc.Vec2","x":540,"y":960}},{"__type__":"cc.Node","_name":"background","_parent":{"__id__":1},"_components":[{"__type__":"cc.Widget","node":{"__id__":2},"_alignFlags":45,"_top":-4.547473508864641e-13,"_bottom":4.547473508864641e-13},{"__type__":"cc.Sprite","node":{"__id__":2},"_spriteFrame":{"__uuid__":"31ICq0AWdC95XopxybfgWf"},"_sizeMode":0},{"__type__":"cc.BlockInputEvents","node":{"__id__":2}}],"_prefab":{"__type__":"cc.PrefabInfo","root":{"__id__":1},"asset":{"__uuid__":"2dH3GwKNFE9o+3oT8NbaAo"},"fileId":"a0OU8cXEtDm6wZgKid2NHt"},"_opacity":100,"_contentSize":{"__type__":"cc.Size","width":1080,"height":1920},"_position":{"__type__":"cc.Vec2","y":4.547473508864641e-13}},{"__type__":"cc.Node","_name":"reward_dialog","_parent":{"__id__":1},"_children":[{"__id__":4},{"__id__":5}],"_components":[{"__type__":"cc.Widget","node":{"__id__":3},"_alignFlags":40,"_originalWidth":1080}],"_prefab":{"__type__":"cc.PrefabInfo","root":{"__id__":1},"asset":{"__uuid__":"2dH3GwKNFE9o+3oT8NbaAo"},"fileId":"b7dw1YYGlKEpXYD6jyGin/"},"_color":{"__type__":"cc.Color"},"_contentSize":{"__type__":"cc.Size","width":1080,"height":1920}},{"__type__":"cc.Node","_name":"reward_dialog_mask","_parent":{"__id__":3},"_components":[{"__type__":"cc.Sprite","node":{"__id__":4},"_spriteFrame":{"__uuid__":"31ICq0AWdC95XopxybfgWf"},"_sizeMode":0},{"__type__":"cc.Widget","node":{"__id__":4},"_target":{"__id__":3},"_alignFlags":40,"_originalWidth":1080}],"_prefab":{"__type__":"cc.PrefabInfo","root":{"__id__":1},"asset":{"__uuid__":"2dH3GwKNFE9o+3oT8NbaAo"},"fileId":"47sA4VbRhNw5yIcsCq92pZ"},"_opacity":200,"_contentSize":{"__type__":"cc.Size","width":1080,"height":1920}},{"__type__":"cc.Node","_name":"reward_dialog_background","_parent":{"__id__":3},"_children":[{"__id__":6},{"__id__":8},{"__id__":10}],"_components":[{"__type__":"cc.Sprite","node":{"__id__":5},"_spriteFrame":{"__uuid__":"9bojrtwkxF0a2IlpPo+hFb"}},{"__type__":"cc.Widget","node":{"__id__":5},"_alignFlags":40,"_left":93.5,"_right":93.5,"_originalWidth":893}],"_prefab":{"__type__":"cc.PrefabInfo","root":{"__id__":1},"asset":{"__uuid__":"2dH3GwKNFE9o+3oT8NbaAo"},"fileId":"2fqKSixTNBvZQRmyC/udq7"},"_contentSize":{"__type__":"cc.Size","width":893,"height":1068}},{"__type__":"cc.Node","_name":"dialog_close_button","_parent":{"__id__":5},"_components":[{"__type__":"cc.Sprite","node":{"__id__":6},"_spriteFrame":{"__uuid__":"072oQD/f1IRJDbTyJ+iJVw"},"_type":1,"_sizeMode":0},{"__id__":7},{"__type__":"cc.Widget","node":{"__id__":6},"_alignFlags":33,"_right":-40,"_top":-40},{"__type__":"cc.AudioSource","node":{"__id__":6},"_clip":{"__uuid__":"87x2eSC09L07/7K+SRfWp/"},"preload":true}],"_prefab":{"__type__":"cc.PrefabInfo","root":{"__id__":1},"asset":{"__uuid__":"2dH3GwKNFE9o+3oT8NbaAo"},"fileId":"31BX1B8TJOjqgdalRy+D2h"},"_contentSize":{"__type__":"cc.Size","width":100,"height":100},"_position":{"__type__":"cc.Vec2","x":436.5,"y":524}},{"__type__":"cc.Button","node":{"__id__":6},"transition":3,"pressedColor":{"__type__":"cc.Color","r":255,"g":255,"b":255},"_N$normalColor":{"__type__":"cc.Color","r":255,"g":255,"b":255},"_N$disabledColor":{"__type__":"cc.Color","r":255,"g":255,"b":255},"_N$normalSprite":{"__uuid__":"072oQD/f1IRJDbTyJ+iJVw"},"_N$pressedSprite":{"__uuid__":"e97GVMl6JHh5Ml5qEDdSGa"},"pressedSprite":{"__uuid__":"e97GVMl6JHh5Ml5qEDdSGa"},"_N$hoverSprite":{"__uuid__":"e97GVMl6JHh5Ml5qEDdSGa"},"hoverSprite":{"__uuid__":"e97GVMl6JHh5Ml5qEDdSGa"},"_N$disabledSprite":{"__uuid__":"29FYIk+N1GYaeWH/q1NxQO"},"_N$target":{"__id__":6}},{"__type__":"cc.Node","_name":"reward_knife","_parent":{"__id__":5},"_components":[{"__id__":9}],"_prefab":{"__type__":"cc.PrefabInfo","root":{"__id__":1},"asset":{"__uuid__":"2dH3GwKNFE9o+3oT8NbaAo"},"fileId":"d3Uxp5rkRETJ2VbsEVuNCX"},"_contentSize":{"__type__":"cc.Size","width":100,"height":385},"_rotationX":210,"_rotationY":210,"_position":{"__type__":"cc.Vec2","y":80}},{"__type__":"cc.Sprite","node":{"__id__":8},"_spriteFrame":{"__uuid__":"ebIz8SJhpPkq9R22M+kqZk"},"_sizeMode":0},{"__type__":"cc.Node","_name":"equip_button","_parent":{"__id__":5},"_children":[{"__id__":11}],"_components":[{"__type__":"cc.Sprite","node":{"__id__":10},"_spriteFrame":{"__uuid__":"40TmHVWd1KVbKSZiJ0BRIx"},"_type":1,"_sizeMode":0},{"__id__":12},{"__type__":"cc.AudioSource","node":{"__id__":10},"_clip":{"__uuid__":"87x2eSC09L07/7K+SRfWp/"},"preload":true}],"_prefab":{"__type__":"cc.PrefabInfo","root":{"__id__":1},"asset":{"__uuid__":"2dH3GwKNFE9o+3oT8NbaAo"},"fileId":"c2oUViZSBEzq3XYPJZZCis"},"_contentSize":{"__type__":"cc.Size","width":600,"height":150},"_position":{"__type__":"cc.Vec2","y":-401}},{"__type__":"cc.Node","_name":"equip_label","_parent":{"__id__":10},"_components":[{"__type__":"cc.Label","node":{"__id__":11},"_useOriginalSize":false,"_actualFontSize":90,"_fontSize":90,"_lineHeight":90,"_enableWrapText":false,"_N$file":{"__uuid__":"18hOwRDuJKNow8tiI0Utmq"},"_isSystemFontUsed":false,"_N$string":"EQUIP","_N$horizontalAlign":1,"_N$verticalAlign":1,"_N$overflow":1}],"_prefab":{"__type__":"cc.PrefabInfo","root":{"__id__":1},"asset":{"__uuid__":"2dH3GwKNFE9o+3oT8NbaAo"},"fileId":"0cRwLkvLtNob1hDKE9uDEp"},"_contentSize":{"__type__":"cc.Size","width":400,"height":90}},{"__type__":"cc.Button","node":{"__id__":10},"transition":2,"pressedColor":{"__type__":"cc.Color","r":255,"g":255,"b":255},"_N$normalColor":{"__type__":"cc.Color","r":255,"g":255,"b":255},"_N$disabledColor":{"__type__":"cc.Color","r":255,"g":255,"b":255},"_N$normalSprite":{"__uuid__":"40TmHVWd1KVbKSZiJ0BRIx"},"_N$pressedSprite":{"__uuid__":"55ZTPln5JPkrkYMW/DgfOF"},"pressedSprite":{"__uuid__":"55ZTPln5JPkrkYMW/DgfOF"},"_N$hoverSprite":{"__uuid__":"40TmHVWd1KVbKSZiJ0BRIx"},"hoverSprite":{"__uuid__":"40TmHVWd1KVbKSZiJ0BRIx"},"_N$disabledSprite":{"__uuid__":"40TmHVWd1KVbKSZiJ0BRIx"},"_N$target":{"__id__":10}}],{"__type__":"cc.SpriteFrame","content":{"name":"black_bg","texture":"43IiGz5FhMlZPpY9AmoE9k","rect":[0,0,1,1],"offset":[0,0],"originalSize":[1,1]}},{"__type__":"cc.SpriteFrame","content":{"name":"equip_button","texture":"83cEtgCn1HOa4xbpEzFeIq","rect":[8,8,574,180],"offset":[-0.5,0.5],"originalSize":[591,197]}},{"__type__":"cc.SpriteFrame","content":{"name":"equip_button_pressed","texture":"131au4vJJDzYGDZK2YVA4S","rect":[8,8,574,180],"offset":[-0.5,0.5],"originalSize":[591,197]}},{"__type__":"cc.SpriteFrame","content":{"name":"reward_dialog_bg","texture":"0fYXbO8CBLeoqxGLFTc667","rect":[0,0,893,1068],"offset":[0,0],"originalSize":[893,1068]}},{"__type__":"cc.SpriteFrame","content":{"name":"default_btn_pressed","texture":"b4P/PCArtIdIH38t6mlw8Y","rect":[0,0,40,40],"offset":[0,0],"originalSize":[40,40],"capInsets":[11,11,11,7]}},{"__type__":"cc.SpriteFrame","content":{"name":"knife_19","texture":"6bV3bW9mRPV45b82VPngKF","rect":[20,12,92,393],"offset":[1,1.5],"originalSize":[130,420]}}]