[[{"__type__":"cc.Prefab","_name":"board_piece_4","data":{"__id__":1},"optimizationPolicy":2},{"__type__":"cc.Node","_name":"board_piece_3","_components":[{"__type__":"cc.Sprite","node":{"__id__":1},"_spriteFrame":{"__uuid__":"e8N9Zeno1HloSjx/4I3IgJ"}}],"_prefab":{"__type__":"cc.PrefabInfo","root":{"__id__":1},"asset":{"__uuid__":"41q35IrTNFwIKMiCatMH7s"},"fileId":"f74gsJ4QFK2I4ubB6uL0LL"},"_anchorPoint":{"__type__":"cc.Vec2","x":0.5,"y":1},"_contentSize":{"__type__":"cc.Size","width":439,"height":332}}],{"__type__":"cc.SpriteFrame","content":{"name":"board_piece_4","texture":"61NNoIZ+lCiYuzRsZ55pHi","rect":[1,11,330,249],"offset":[-0.5,-5.5],"originalSize":[333,260]}}]