[[{"__type__":"cc.Prefab","_name":"view_knife_page","data":{"__id__":1}},{"__type__":"cc.Node","_name":"view_knife_page","_components":[{"__type__":"cc.Sprite","node":{"__id__":1},"_type":1,"_sizeMode":0}],"_prefab":{"__type__":"cc.PrefabInfo","root":{"__id__":1},"asset":{"__uuid__":"13znK00I5Csa6TeDjflfN6"},"fileId":"68SMfSI+ZJxJXEn5HI3WQ8"},"_contentSize":{"__type__":"cc.Size","width":50,"height":200},"_position":{"__type__":"cc.Vec2","x":25,"y":1.1368683772161603e-13}}],{"__type__":"cc.SpriteFrame","content":{"name":"black_bg","texture":"43IiGz5FhMlZPpY9AmoE9k","rect":[0,0,1,1],"offset":[0,0],"originalSize":[1,1]}},[{"__type__":"cc.Prefab","_name":"dialog_lottery","data":{"__id__":1}},{"__type__":"cc.Node","_name":"lottery","_children":[{"__id__":2},{"__id__":3},{"__id__":4}],"_components":[{"__type__":"cc.Widget","node":{"__id__":1},"_alignFlags":45}],"_prefab":{"__type__":"cc.PrefabInfo","root":{"__id__":1},"asset":{"__uuid__":"6d00simwlBoLrhx+GvGIh5"},"fileId":"04NI2D+rhOypc6uQrz0RCI"},"_contentSize":{"__type__":"cc.Size","width":1080,"height":1920},"_position":{"__type__":"cc.Vec2","x":540,"y":960}},{"__type__":"cc.Node","_name":"background","_parent":{"__id__":1},"_components":[{"__type__":"cc.Widget","node":{"__id__":2},"_alignFlags":45,"_top":-4.547473508864641e-13,"_bottom":4.547473508864641e-13},{"__type__":"cc.Sprite","node":{"__id__":2},"_spriteFrame":{"__uuid__":"31ICq0AWdC95XopxybfgWf"},"_sizeMode":0},{"__type__":"cc.BlockInputEvents","node":{"__id__":2}}],"_prefab":{"__type__":"cc.PrefabInfo","root":{"__id__":1},"asset":{"__uuid__":"6d00simwlBoLrhx+GvGIh5"},"fileId":"73StmZCQxFzqo8kvYq7gQ0"},"_opacity":100,"_contentSize":{"__type__":"cc.Size","width":1080,"height":1920},"_position":{"__type__":"cc.Vec2","y":4.547473508864641e-13}},{"__type__":"cc.Node","_name":"reward_dialog_bg","_parent":{"__id__":1},"_components":[{"__type__":"cc.Sprite","node":{"__id__":3},"_spriteFrame":{"__uuid__":"9bojrtwkxF0a2IlpPo+hFb"},"_sizeMode":0}],"_prefab":{"__type__":"cc.PrefabInfo","root":{"__id__":1},"asset":{"__uuid__":"6d00simwlBoLrhx+GvGIh5"},"fileId":"81jS4NpZ1LGa1lpgIKC/PP"},"_contentSize":{"__type__":"cc.Size","width":893,"height":600}},{"__type__":"cc.Node","_name":"pageview","_parent":{"__id__":1},"_children":[{"__id__":5}],"_components":[{"__id__":7},{"__type__":"12422XI8WxAYKPUR9JPz726","node":{"__id__":4},"pageView":{"__id__":7},"page":{"__uuid__":"13znK00I5Csa6TeDjflfN6"}}],"_prefab":{"__type__":"cc.PrefabInfo","root":{"__id__":1},"asset":{"__uuid__":"6d00simwlBoLrhx+GvGIh5"},"fileId":"95XbsSpuhPVLKz4hXOtHl+"},"_contentSize":{"__type__":"cc.Size","width":770}},{"__type__":"cc.Node","_name":"view","_parent":{"__id__":4},"_children":[{"__id__":6}],"_components":[{"__type__":"cc.Mask","node":{"__id__":5}}],"_prefab":{"__type__":"cc.PrefabInfo","root":{"__id__":1},"asset":{"__uuid__":"6d00simwlBoLrhx+GvGIh5"},"fileId":"dev9cE1V9OOYl7JvqroGH8"},"_contentSize":{"__type__":"cc.Size","width":770,"height":450}},{"__type__":"cc.Node","_name":"content","_parent":{"__id__":5},"_components":[{"__type__":"cc.Layout","node":{"__id__":6},"_layoutSize":{"__type__":"cc.Size","width":50,"height":200},"_resize":1,"_N$layoutType":1,"_N$spacingX":70,"_N$spacingY":15}],"_prefab":{"__type__":"cc.PrefabInfo","root":{"__id__":1},"asset":{"__uuid__":"6d00simwlBoLrhx+GvGIh5"},"fileId":"507vUTlMBA2KcZxv+bRaBn"},"_anchorPoint":{"__type__":"cc.Vec2","y":0.5},"_contentSize":{"__type__":"cc.Size","width":50,"height":200}},{"__type__":"cc.PageView","node":{"__id__":4},"content":{"__id__":6},"inertia":false,"brake":1,"elastic":false,"bounceDuration":0,"autoPageTurningThreshold":60,"pageTurningSpeed":100000000000}],{"__type__":"cc.SpriteFrame","content":{"name":"reward_dialog_bg","texture":"0fYXbO8CBLeoqxGLFTc667","rect":[0,0,893,1068],"offset":[0,0],"originalSize":[893,1068]}}]