[[{"__type__":"cc.Prefab","_name":"board_piece_1","data":{"__id__":1},"optimizationPolicy":2},{"__type__":"cc.Node","_name":"board_piece_1","_components":[{"__type__":"cc.Sprite","node":{"__id__":1},"_spriteFrame":{"__uuid__":"d1heasjEZFl5BEls0+Satm"}}],"_prefab":{"__type__":"cc.PrefabInfo","root":{"__id__":1},"asset":{"__uuid__":"6dAfaoRMNJnJL5jv7wzsdK"},"fileId":"38lbFuTYxOOLVjtDSkC9pc"},"_anchorPoint":{"__type__":"cc.Vec2","y":0.5},"_contentSize":{"__type__":"cc.Size","width":288,"height":206}}],{"__type__":"cc.SpriteFrame","content":{"name":"board_piece_1","texture":"5btJeENIpFQ5QQ8mPG5QIU","rect":[0,1,216,155],"offset":[-1,0],"originalSize":[218,157]}}]