[[{"__type__":"cc.Prefab","_name":"apple_piece_1","data":{"__id__":1},"optimizationPolicy":2},{"__type__":"cc.Node","_name":"apple_piece_1","_components":[{"__type__":"cc.Sprite","node":{"__id__":1},"_spriteFrame":{"__uuid__":"a2lQX/WF1OR7cD4zwkQmD1"},"_sizeMode":0}],"_prefab":{"__type__":"cc.PrefabInfo","root":{"__id__":1},"asset":{"__uuid__":"07HZeZgTpAjLSLC0eoCLvD"},"fileId":"1deOprVdpJhL5uAttMnFE6"},"_anchorPoint":{"__type__":"cc.Vec2","x":0.5},"_contentSize":{"__type__":"cc.Size","width":70,"height":70}}],{"__type__":"cc.SpriteFrame","content":{"name":"apple_piece_1","texture":"16ua9bV0pObpaAH0b8QbZ4","rect":[1,0,96,86],"offset":[0.5,0],"originalSize":[97,86]}}]