[[{"__type__":"cc.Prefab","_name":"board_piece_3","data":{"__id__":1},"optimizationPolicy":2},{"__type__":"cc.Node","_name":"board_piece_3","_components":[{"__type__":"cc.Sprite","node":{"__id__":1},"_spriteFrame":{"__uuid__":"93qGKRqZFNdr04LUpp5OX6"}}],"_prefab":{"__type__":"cc.PrefabInfo","root":{"__id__":1},"asset":{"__uuid__":"76XKwnWnZCK4EsRHl4PyVG"},"fileId":"f74gsJ4QFK2I4ubB6uL0LL"},"_anchorPoint":{"__type__":"cc.Vec2","x":1,"y":0.5},"_contentSize":{"__type__":"cc.Size","width":307,"height":269}}],{"__type__":"cc.SpriteFrame","content":{"name":"board_piece_3","texture":"20JKWviVRMz6SXEL2fk3LF","rect":[2,1,231,203],"offset":[-2,1.5],"originalSize":[239,208]}}]